lambda,g,tau,histogram_data,green_estimator
0,0,0.25,0,0
0,0,0.75,0,0
0,0,1.25,0,0
0,0,1.75,0,0
0,0,2.25,0,0
0,0,2.75,0,0
0,0,3.25,0,0
0,0,3.75,0,0
0,0,4.25,0,0
0,0,4.75,0,0
0,0,5.25,0,0
0,0,5.75,0,0
0,0,6.25,0,0
0,0,6.75,0,0
0,0,7.25,0,0
0,0,7.75,0,0
0,0,8.25,0,0
0,0,8.75,0,0
0,0,9.25,0,0
0,0,9.75,0,0
0,0,10.25,0,0
0,0,10.75,0,0
0,0,11.25,0,0
0,0,11.75,0,0
0,0,12.25,0,0
0,0,12.75,0,0
0,0,13.25,0,0
0,0,13.75,0,0
0,0,14.25,0,0
0,0,14.75,0,0
0,0,15.25,0,0
0,0,15.75,0,0
0,0,16.25,0,0
0,0,16.75,0,0
0,0,17.25,0,0
0,0,17.75,0,0
0,0,18.25,0,0
0,0,18.75,0,0
0,0,19.25,0,0
0,0,19.75,0,0
0,0,20.25,0,0
0,0,20.75,0,0
0,0,21.25,0,0
0,0,21.75,0,0
0,0,22.25,0,0
0,0,22.75,0,0
0,0,23.25,0,0
0,0,23.75,0,0
0,0,24.25,0,0
0,0,24.75,0,0
0,0,25.25,0,0
0,0,25.75,0,0
0,0,26.25,0,0
0,0,26.75,0,0
0,0,27.25,0,0
0,0,27.75,0,0
0,0,28.25,0,0
0,0,28.75,0,0
0,0,29.25,0,0
0,0,29.75,0,0
0,0,30.25,0,0
0,0,30.75,0,0
0,0,31.25,0,0
0,0,31.75,0,0
0,0,32.25,0,0
0,0,32.75,0,0
0,0,33.25,0,0
0,0,33.75,0,0
0,0,34.25,0,0
0,0,34.75,0,0
0,0,35.25,0,0
0,0,35.75,0,0
0,0,36.25,0,0
0,0,36.75,0,0
0,0,37.25,0,0
0,0,37.75,0,0
0,0,38.25,0,0
0,0,38.75,0,3.34782686787e+82
0,0,39.25,0,2.87406195989e+83
0,0,39.75,0,2.46734149504e+84
0,0,40.25,0,2.11817773524e+85
0,0,40.75,1.0986899433e+87,1.81842559171e+86
0,0,41.25,0,1.56109262106e+87
0,0,41.75,0,1.34017590967e+88
0,0,42.25,0,1.15052204118e+89
0,0,42.75,0,0
0,0,43.25,0,0
0,0,43.75,0,0
0,0,44.25,0,1.32195892162e+84
0,0,44.75,0,1.1348830149e+85
0,0,45.25,0,9.78942887765e+85
0,0,45.75,1.42829692629e+88,8.40408607039e+86
0,0,46.25,0,7.24517390336e+87
0,0,46.75,0,6.2417213888e+88
0,0,47.25,1.86777290362e+88,5.3781699483e+89
0,0,47.75,8.89938854076e+88,4.63658480067e+90
0,0,48.25,1.17230216951e+90,9.3913706974e+89
0,0,48.75,1.24767229962e+91,9.30272164532e+90
0,0,49.25,1.125816598e+92,7.43772822103e+91
0,0,49.75,9.72336205064e+92,7.80411421463e+92
0.1,0.22360679775,0.25,0,0
0.1,0.22360679775,0.75,0,0
0.1,0.22360679775,1.25,0,0
0.1,0.22360679775,1.75,0,0
0.1,0.22360679775,2.25,0,0
0.1,0.22360679775,2.75,0,0
0.1,0.22360679775,3.25,0,0
0.1,0.22360679775,3.75,0,0
0.1,0.22360679775,4.25,0,0
0.1,0.22360679775,4.75,0,0
0.1,0.22360679775,5.25,0,0
0.1,0.22360679775,5.75,0,0
0.1,0.22360679775,6.25,0,0
0.1,0.22360679775,6.75,0,0
0.1,0.22360679775,7.25,0,0
0.1,0.22360679775,7.75,0,0
0.1,0.22360679775,8.25,0,4.00615967925e+83
0.1,0.22360679775,8.75,0,3.43923135629e+84
0.1,0.22360679775,9.25,0,2.95253141889e+85
0.1,0.22360679775,9.75,0,2.53470641444e+86
0.1,0.22360679775,10.25,5.94133743939e+87,2.17600956463e+87
0.1,0.22360679775,10.75,0,1.86807339833e+88
0.1,0.22360679775,11.25,0,1.60371456002e+89
0.1,0.22360679775,11.75,0,1.37676624073e+90
0.1,0.22360679775,12.25,0,0
0.1,0.22360679775,12.75,0,0
0.1,0.22360679775,13.25,0,0
0.1,0.22360679775,13.75,0,0
0.1,0.22360679775,14.25,0,0
0.1,0.22360679775,14.75,0,0
0.1,0.22360679775,15.25,0,0
0.1,0.22360679775,15.75,0,0
0.1,0.22360679775,16.25,0,0
0.1,0.22360679775,16.75,0,0
0.1,0.22360679775,17.25,0,0
0.1,0.22360679775,17.75,0,0
0.1,0.22360679775,18.25,0,0
0.1,0.22360679775,18.75,0,0
0.1,0.22360679775,19.25,0,0
0.1,0.22360679775,19.75,0,0
0.1,0.22360679775,20.25,0,0
0.1,0.22360679775,20.75,0,0
0.1,0.22360679775,21.25,0,0
0.1,0.22360679775,21.75,0,0
0.1,0.22360679775,22.25,0,0
0.1,0.22360679775,22.75,0,0
0.1,0.22360679775,23.25,0,0
0.1,0.22360679775,23.75,0,0
0.1,0.22360679775,24.25,0,0
0.1,0.22360679775,24.75,0,0
0.1,0.22360679775,25.25,0,0
0.1,0.22360679775,25.75,0,0
0.1,0.22360679775,26.25,0,0
0.1,0.22360679775,26.75,0,0
0.1,0.22360679775,27.25,0,0
0.1,0.22360679775,27.75,0,0
0.1,0.22360679775,28.25,0,0
0.1,0.22360679775,28.75,0,0
0.1,0.22360679775,29.25,0,0
0.1,0.22360679775,29.75,0,2.48010039396e+84
0.1,0.22360679775,30.25,0,2.1345166842e+85
0.1,0.22360679775,30.75,0,1.83681933696e+86
0.1,0.22360679775,31.25,0,1.58042334083e+87
0.1,0.22360679775,31.75,5.34720369545e+88,1.35963974569e+88
0.1,0.22360679775,32.25,0,1.16955549833e+89
0.1,0.22360679775,32.75,0,1.00592906401e+90
0.1,0.22360679775,33.25,0,8.65099820987e+90
0.1,0.22360679775,33.75,0,0
0.1,0.22360679775,34.25,0,0
0.1,0.22360679775,34.75,0,0
0.1,0.22360679775,35.25,0,0
0.1,0.22360679775,35.75,0,0
0.1,0.22360679775,36.25,0,0
0.1,0.22360679775,36.75,0,0
0.1,0.22360679775,37.25,0,0
0.1,0.22360679775,37.75,0,2.12436193721e+84
0.1,0.22360679775,38.25,0,1.8335513136e+85
0.1,0.22360679775,38.75,0,1.58243299452e+86
0.1,0.22360679775,39.25,0,1.36560569913e+87
0.1,0.22360679775,39.75,4.75306995151e+88,1.17840095075e+88
0.1,0.22360679775,40.25,0,1.01678394237e+89
0.1,0.22360679775,40.75,0,8.77267777537e+89
0.1,0.22360679775,41.25,0,7.56839286194e+90
0.1,0.22360679775,41.75,0,0
0.1,0.22360679775,42.25,0,0
0.1,0.22360679775,42.75,0,0
0.1,0.22360679775,43.25,0,0
0.1,0.22360679775,43.75,0,0
0.1,0.22360679775,44.25,0,0
0.1,0.22360679775,44.75,0,0
0.1,0.22360679775,45.25,0,0
0.1,0.22360679775,45.75,0,2.59383532573e+85
0.1,0.22360679775,46.25,0,3.61607419803e+86
0.1,0.22360679775,46.75,0,4.22941137996e+87
0.1,0.22360679775,47.25,0,4.68948404505e+88
0.1,0.22360679775,47.75,1.60416110863e+90,5.04057850609e+89
0.1,0.22360679775,48.25,6.34534838527e+90,5.14786788658e+90
0.1,0.22360679775,48.75,6.19087361184e+91,5.19874934408e+91
0.1,0.22360679775,49.25,5.88822188268e+92,5.3771297287e+92
0.1,0.22360679775,49.75,5.28255006143e+93,4.15164506233e+93
0.2,0.316227766017,0.25,0,0
0.2,0.316227766017,0.75,0,0
0.2,0.316227766017,1.25,0,0
0.2,0.316227766017,1.75,0,0
0.2,0.316227766017,2.25,0,0
0.2,0.316227766017,2.75,0,0
0.2,0.316227766017,3.25,0,0
0.2,0.316227766017,3.75,0,0
0.2,0.316227766017,4.25,0,0
0.2,0.316227766017,4.75,0,0
0.2,0.316227766017,5.25,0,0
0.2,0.316227766017,5.75,0,0
0.2,0.316227766017,6.25,0,0
0.2,0.316227766017,6.75,0,0
0.2,0.316227766017,7.25,0,0
0.2,0.316227766017,7.75,0,0
0.2,0.316227766017,8.25,0,4.62412500073e+84
0.2,0.316227766017,8.75,0,3.96974583421e+85
0.2,0.316227766017,9.25,0,3.40797058595e+86
0.2,0.316227766017,9.75,0,2.92569449021e+87
0.2,0.316227766017,10.25,6.85781126836e+88,2.51166729119e+88
0.2,0.316227766017,10.75,0,2.15623080357e+89
0.2,0.316227766017,11.25,0,1.85109361202e+90
0.2,0.316227766017,11.75,0,1.58913765392e+91
0.2,0.316227766017,12.25,0,0
0.2,0.316227766017,12.75,0,0
0.2,0.316227766017,13.25,0,0
0.2,0.316227766017,13.75,0,0
0.2,0.316227766017,14.25,0,0
0.2,0.316227766017,14.75,0,0
0.2,0.316227766017,15.25,0,0
0.2,0.316227766017,15.75,0,0
0.2,0.316227766017,16.25,0,0
0.2,0.316227766017,16.75,0,0
0.2,0.316227766017,17.25,0,0
0.2,0.316227766017,17.75,0,0
0.2,0.316227766017,18.25,0,0
0.2,0.316227766017,18.75,0,0
0.2,0.316227766017,19.25,0,0
0.2,0.316227766017,19.75,0,0
0.2,0.316227766017,20.25,0,0
0.2,0.316227766017,20.75,0,0
0.2,0.316227766017,21.25,0,0
0.2,0.316227766017,21.75,0,0
0.2,0.316227766017,22.25,0,0
0.2,0.316227766017,22.75,0,0
0.2,0.316227766017,23.25,0,0
0.2,0.316227766017,23.75,0,0
0.2,0.316227766017,24.25,0,0
0.2,0.316227766017,24.75,0,0
0.2,0.316227766017,25.25,0,0
0.2,0.316227766017,25.75,0,0
0.2,0.316227766017,26.25,0,0
0.2,0.316227766017,26.75,0,0
0.2,0.316227766017,27.25,0,0
0.2,0.316227766017,27.75,0,0
0.2,0.316227766017,28.25,0,0
0.2,0.316227766017,28.75,0,0
0.2,0.316227766017,29.25,0,0
0.2,0.316227766017,29.75,0,0
0.2,0.316227766017,30.25,0,0
0.2,0.316227766017,30.75,0,0
0.2,0.316227766017,31.25,0,0
0.2,0.316227766017,31.75,0,0
0.2,0.316227766017,32.25,0,0
0.2,0.316227766017,32.75,0,0
0.2,0.316227766017,33.25,0,0
0.2,0.316227766017,33.75,0,0
0.2,0.316227766017,34.25,0,0
0.2,0.316227766017,34.75,0,0
0.2,0.316227766017,35.25,0,0
0.2,0.316227766017,35.75,0,0
0.2,0.316227766017,36.25,0,0
0.2,0.316227766017,36.75,0,0
0.2,0.316227766017,37.25,0,0
0.2,0.316227766017,37.75,0,0
0.2,0.316227766017,38.25,0,0
0.2,0.316227766017,38.75,0,7.64730552172e+84
0.2,0.316227766017,39.25,0,1.44399332496e+86
0.2,0.316227766017,39.75,0,1.22280138578e+87
0.2,0.316227766017,40.25,0,1.0356048003e+88
0.2,0.316227766017,40.75,6.51492070494e+89,8.77169858256e+88
0.2,0.316227766017,41.25,0,7.43068353014e+89
0.2,0.316227766017,41.75,0,6.29553949177e+90
0.2,0.316227766017,42.25,0,5.33457417475e+91
0.2,0.316227766017,42.75,0,2.48554990082e+92
0.2,0.316227766017,43.25,0,0
0.2,0.316227766017,43.75,0,0
0.2,0.316227766017,44.25,0,0
0.2,0.316227766017,44.75,0,0
0.2,0.316227766017,45.25,0,6.26224019388e+85
0.2,0.316227766017,45.75,0,5.55420860302e+86
0.2,0.316227766017,46.25,0,5.3104354864e+87
0.2,0.316227766017,46.75,6.85781126836e+89,5.37094964094e+88
0.2,0.316227766017,47.25,1.02867169025e+89,5.29585999264e+89
0.2,0.316227766017,47.75,1.92018715514e+90,5.1671549489e+90
0.2,0.316227766017,48.25,4.48157966387e+91,5.08663944006e+91
0.2,0.316227766017,48.75,4.46100623007e+92,5.1651683873e+92
0.2,0.316227766017,49.25,3.48822570165e+93,2.30714471748e+93
0.2,0.316227766017,49.75,3.03064853149e+94,2.42913692264e+94
0.3,0.387298334621,0.25,0,0
0.3,0.387298334621,0.75,0,0
0.3,0.387298334621,1.25,0,0
0.3,0.387298334621,1.75,0,0
0.3,0.387298334621,2.25,0,0
0.3,0.387298334621,2.75,0,0
0.3,0.387298334621,3.25,0,0
0.3,0.387298334621,3.75,0,0
0.3,0.387298334621,4.25,0,0
0.3,0.387298334621,4.75,0,0
0.3,0.387298334621,5.25,0,0
0.3,0.387298334621,5.75,0,0
0.3,0.387298334621,6.25,0,0
0.3,0.387298334621,6.75,0,0
0.3,0.387298334621,7.25,0,0
0.3,0.387298334621,7.75,0,0
0.3,0.387298334621,8.25,0,0
0.3,0.387298334621,8.75,0,0
0.3,0.387298334621,9.25,0,0
0.3,0.387298334621,9.75,0,0
0.3,0.387298334621,10.25,0,0
0.3,0.387298334621,10.75,0,0
0.3,0.387298334621,11.25,0,0
0.3,0.387298334621,11.75,0,0
0.3,0.387298334621,12.25,0,0
0.3,0.387298334621,12.75,0,0
0.3,0.387298334621,13.25,0,0
0.3,0.387298334621,13.75,0,0
0.3,0.387298334621,14.25,0,0
0.3,0.387298334621,14.75,0,0
0.3,0.387298334621,15.25,0,0
0.3,0.387298334621,15.75,0,0
0.3,0.387298334621,16.25,0,0
0.3,0.387298334621,16.75,0,0
0.3,0.387298334621,17.25,0,0
0.3,0.387298334621,17.75,0,0
0.3,0.387298334621,18.25,0,0
0.3,0.387298334621,18.75,0,0
0.3,0.387298334621,19.25,0,0
0.3,0.387298334621,19.75,0,0
0.3,0.387298334621,20.25,0,0
0.3,0.387298334621,20.75,0,0
0.3,0.387298334621,21.25,0,0
0.3,0.387298334621,21.75,0,0
0.3,0.387298334621,22.25,0,0
0.3,0.387298334621,22.75,0,0
0.3,0.387298334621,23.25,0,0
0.3,0.387298334621,23.75,0,0
0.3,0.387298334621,24.25,0,0
0.3,0.387298334621,24.75,0,0
0.3,0.387298334621,25.25,0,0
0.3,0.387298334621,25.75,0,0
0.3,0.387298334621,26.25,0,0
0.3,0.387298334621,26.75,0,0
0.3,0.387298334621,27.25,0,0
0.3,0.387298334621,27.75,0,0
0.3,0.387298334621,28.25,0,0
0.3,0.387298334621,28.75,0,0
0.3,0.387298334621,29.25,0,0
0.3,0.387298334621,29.75,0,0
0.3,0.387298334621,30.25,0,0
0.3,0.387298334621,30.75,0,0
0.3,0.387298334621,31.25,0,0
0.3,0.387298334621,31.75,0,0
0.3,0.387298334621,32.25,0,0
0.3,0.387298334621,32.75,0,0
0.3,0.387298334621,33.25,0,0
0.3,0.387298334621,33.75,0,0
0.3,0.387298334621,34.25,0,0
0.3,0.387298334621,34.75,0,0
0.3,0.387298334621,35.25,0,0
0.3,0.387298334621,35.75,0,1.31419968231e+86
0.3,0.387298334621,36.25,0,1.11496964964e+87
0.3,0.387298334621,36.75,0,9.45585998501e+87
0.3,0.387298334621,37.25,0,8.01645338416e+88
0.3,0.387298334621,37.75,3.45703816969e+90,6.79381324344e+89
0.3,0.387298334621,38.25,0,5.75574797516e+90
0.3,0.387298334621,38.75,0,4.87476185703e+91
0.3,0.387298334621,39.25,0,4.12738564944e+92
0.3,0.387298334621,39.75,0,0
0.3,0.387298334621,40.25,0,0
0.3,0.387298334621,40.75,0,0
0.3,0.387298334621,41.25,0,0
0.3,0.387298334621,41.75,0,0
0.3,0.387298334621,42.25,0,0
0.3,0.387298334621,42.75,0,2.79971243869e+85
0.3,0.387298334621,43.25,0,2.35312747409e+86
0.3,0.387298334621,43.75,0,1.97724910594e+87
0.3,0.387298334621,44.25,0,1.66097794356e+88
0.3,0.387298334621,44.75,1.08032442803e+90,1.39493970769e+89
0.3,0.387298334621,45.25,0,1.17125596925e+90
0.3,0.387298334621,45.75,0,9.83186904629e+90
0.3,0.387298334621,46.25,0,8.25149581266e+91
0.3,0.387298334621,46.75,2.16064885605e+89,1.10093505334e+89
0.3,0.387298334621,47.25,2.16064885605e+89,1.30541637838e+90
0.3,0.387298334621,47.75,2.87366297855e+91,1.48685903041e+91
0.3,0.387298334621,48.25,2.60790316926e+92,1.57629781026e+92
0.3,0.387298334621,48.75,2.08481008121e+93,1.64685261681e+93
0.3,0.387298334621,49.25,2.19759595149e+94,1.56791479713e+94
0.3,0.387298334621,49.75,1.9170961957e+95,1.60642167883e+95
0.4,0.4472135955,0.25,0,0
0.4,0.4472135955,0.75,0,0
0.4,0.4472135955,1.25,0,0
0.4,0.4472135955,1.75,0,0
0.4,0.4472135955,2.25,0,0
0.4,0.4472135955,2.75,0,0
0.4,0.4472135955,3.25,0,0
0.4,0.4472135955,3.75,0,0
0.4,0.4472135955,4.25,0,0
0.4,0.4472135955,4.75,0,0
0.4,0.4472135955,5.25,0,0
0.4,0.4472135955,5.75,0,0
0.4,0.4472135955,6.25,0,0
0.4,0.4472135955,6.75,0,0
0.4,0.4472135955,7.25,0,0
0.4,0.4472135955,7.75,0,0
0.4,0.4472135955,8.25,0,2.4887688397e+86
0.4,0.4472135955,8.75,0,2.03954898038e+87
0.4,0.4472135955,9.25,0,1.66831077982e+88
0.4,0.4472135955,9.75,0,1.36320043109e+89
0.4,0.4472135955,10.25,3.11685090299e+90,1.11349862029e+90
0.4,0.4472135955,10.75,0,9.09782934051e+90
0.4,0.4472135955,11.25,0,7.43944617459e+91
0.4,0.4472135955,11.75,0,6.09118365006e+92
0.4,0.4472135955,12.25,0,0
0.4,0.4472135955,12.75,0,0
0.4,0.4472135955,13.25,0,0
0.4,0.4472135955,13.75,0,0
0.4,0.4472135955,14.25,0,0
0.4,0.4472135955,14.75,0,0
0.4,0.4472135955,15.25,0,0
0.4,0.4472135955,15.75,0,0
0.4,0.4472135955,16.25,0,0
0.4,0.4472135955,16.75,0,0
0.4,0.4472135955,17.25,0,0
0.4,0.4472135955,17.75,0,0
0.4,0.4472135955,18.25,0,0
0.4,0.4472135955,18.75,0,0
0.4,0.4472135955,19.25,0,0
0.4,0.4472135955,19.75,0,0
0.4,0.4472135955,20.25,0,0
0.4,0.4472135955,20.75,0,0
0.4,0.4472135955,21.25,0,0
0.4,0.4472135955,21.75,0,0
0.4,0.4472135955,22.25,0,0
0.4,0.4472135955,22.75,0,0
0.4,0.4472135955,23.25,0,0
0.4,0.4472135955,23.75,0,0
0.4,0.4472135955,24.25,0,0
0.4,0.4472135955,24.75,0,0
0.4,0.4472135955,25.25,0,0
0.4,0.4472135955,25.75,0,0
0.4,0.4472135955,26.25,0,0
0.4,0.4472135955,26.75,0,0
0.4,0.4472135955,27.25,0,0
0.4,0.4472135955,27.75,0,0
0.4,0.4472135955,28.25,0,0
0.4,0.4472135955,28.75,0,0
0.4,0.4472135955,29.25,0,0
0.4,0.4472135955,29.75,0,0
0.4,0.4472135955,30.25,0,0
0.4,0.4472135955,30.75,0,0
0.4,0.4472135955,31.25,0,0
0.4,0.4472135955,31.75,0,0
0.4,0.4472135955,32.25,0,2.04563045759e+86
0.4,0.4472135955,32.75,0,1.48342346987e+87
0.4,0.4472135955,33.25,0,1.07522816106e+88
0.4,0.4472135955,33.75,1.55842545149e+90,7.79003984936e+88
0.4,0.4472135955,34.25,0,5.64141527937e+89
0.4,0.4472135955,34.75,0,4.08367649624e+90
0.4,0.4472135955,35.25,0,2.95484530482e+91
0.4,0.4472135955,35.75,0,2.13719127559e+92
0.4,0.4472135955,36.25,0,0
0.4,0.4472135955,36.75,0,0
0.4,0.4472135955,37.25,0,0
0.4,0.4472135955,37.75,0,0
0.4,0.4472135955,38.25,0,0
0.4,0.4472135955,38.75,0,0
0.4,0.4472135955,39.25,0,8.21410270259e+86
0.4,0.4472135955,39.75,0,6.75053758624e+87
0.4,0.4472135955,40.25,0,5.57768107127e+88
0.4,0.4472135955,40.75,9.35055270897e+90,4.63124678457e+89
0.4,0.4472135955,41.25,0,3.86243828167e+90
0.4,0.4472135955,41.75,0,3.23399662975e+91
0.4,0.4472135955,42.25,0,2.71729058222e+92
0.4,0.4472135955,42.75,0,2.29016958301e+93
0.4,0.4472135955,43.25,0,0
0.4,0.4472135955,43.75,0,0
0.4,0.4472135955,44.25,0,0
0.4,0.4472135955,44.75,0,0
0.4,0.4472135955,45.25,0,4.40360645606e+86
0.4,0.4472135955,45.75,0,8.64616272999e+87
0.4,0.4472135955,46.25,0,9.85134024066e+88
0.4,0.4472135955,46.75,0,1.13340759473e+90
0.4,0.4472135955,47.25,5.76617417053e+91,1.24730658974e+91
0.4,0.4472135955,47.75,1.52725694246e+92,1.35344519845e+92
0.4,0.4472135955,48.25,1.59426923688e+93,1.43629702548e+93
0.4,0.4472135955,48.75,1.44777724444e+94,1.53716054299e+94
0.4,0.4472135955,49.25,1.43814617515e+95,1.3939345267e+95
0.4,0.4472135955,49.75,1.39831437903e+96,1.08327768194e+96
0.5,0.5,0.25,0,0
0.5,0.5,0.75,0,0
0.5,0.5,1.25,0,0
0.5,0.5,1.75,0,0
0.5,0.5,2.25,0,0
0.5,0.5,2.75,0,0
0.5,0.5,3.25,0,0
0.5,0.5,3.75,0,0
0.5,0.5,4.25,0,0
0.5,0.5,4.75,0,0
0.5,0.5,5.25,0,0
0.5,0.5,5.75,0,0
0.5,0.5,6.25,0,0
0.5,0.5,6.75,0,0
0.5,0.5,7.25,0,0
0.5,0.5,7.75,0,0
0.5,0.5,8.25,0,2.26785020316e+87
0.5,0.5,8.75,0,1.94691728602e+88
0.5,0.5,9.25,0,1.67140092115e+89
0.5,0.5,9.75,0,1.4348740233e+90
0.5,0.5,10.25,3.36333656113e+91,1.23181903078e+91
0.5,0.5,10.75,0,1.05749919502e+92
0.5,0.5,11.25,0,9.07848084436e+92
0.5,0.5,11.75,0,7.79374725103e+93
0.5,0.5,12.25,0,0
0.5,0.5,12.75,0,0
0.5,0.5,13.25,0,0
0.5,0.5,13.75,0,0
0.5,0.5,14.25,0,0
0.5,0.5,14.75,0,0
0.5,0.5,15.25,0,0
0.5,0.5,15.75,0,0
0.5,0.5,16.25,0,0
0.5,0.5,16.75,0,0
0.5,0.5,17.25,0,0
0.5,0.5,17.75,0,0
0.5,0.5,18.25,0,0
0.5,0.5,18.75,0,0
0.5,0.5,19.25,0,0
0.5,0.5,19.75,0,0
0.5,0.5,20.25,0,0
0.5,0.5,20.75,0,0
0.5,0.5,21.25,0,0
0.5,0.5,21.75,0,0
0.5,0.5,22.25,0,0
0.5,0.5,22.75,0,0
0.5,0.5,23.25,0,0
0.5,0.5,23.75,0,0
0.5,0.5,24.25,0,0
0.5,0.5,24.75,0,0
0.5,0.5,25.25,0,0
0.5,0.5,25.75,0,0
0.5,0.5,26.25,0,0
0.5,0.5,26.75,0,0
0.5,0.5,27.25,0,0
0.5,0.5,27.75,0,0
0.5,0.5,28.25,0,0
0.5,0.5,28.75,0,0
0.5,0.5,29.25,0,0
0.5,0.5,29.75,0,0
0.5,0.5,30.25,0,0
0.5,0.5,30.75,0,0
0.5,0.5,31.25,0,0
0.5,0.5,31.75,0,0
0.5,0.5,32.25,0,0
0.5,0.5,32.75,0,0
0.5,0.5,33.25,0,0
0.5,0.5,33.75,0,0
0.5,0.5,34.25,0,0
0.5,0.5,34.75,0,0
0.5,0.5,35.25,0,0
0.5,0.5,35.75,0,0
0.5,0.5,36.25,0,0
0.5,0.5,36.75,0,0
0.5,0.5,37.25,0,0
0.5,0.5,37.75,0,0
0.5,0.5,38.25,0,0
0.5,0.5,38.75,0,0
0.5,0.5,39.25,0,0
0.5,0.5,39.75,0,0
0.5,0.5,40.25,0,0
0.5,0.5,40.75,0,0
0.5,0.5,41.25,0,0
0.5,0.5,41.75,0,0
0.5,0.5,42.25,0,0
0.5,0.5,42.75,0,0
0.5,0.5,43.25,0,0
0.5,0.5,43.75,0,0
0.5,0.5,44.25,0,0
0.5,0.5,44.75,0,0
0.5,0.5,45.25,0,3.25036458093e+87
0.5,0.5,45.75,0,6.31504632635e+88
0.5,0.5,46.25,0,6.96875513125e+89
0.5,0.5,46.75,2.24222437409e+91,7.88592952267e+90
0.5,0.5,47.25,1.68166828057e+92,8.60957435831e+91
0.5,0.5,47.75,1.68166828057e+93,9.25280885018e+92
0.5,0.5,48.25,1.31282237103e+94,9.82401185598e+93
0.5,0.5,48.75,1.05519079045e+95,1.0547064572e+95
0.5,0.5,49.25,1.04581829256e+96,1.02078086986e+96
0.5,0.5,49.75,1.00447503844e+97,7.84022867877e+96
0.6,0.547722557505,0.25,0,0
0.6,0.547722557505,0.75,0,0
0.6,0.547722557505,1.25,0,0
0.6,0.547722557505,1.75,0,0
0.6,0.547722557505,2.25,0,0
0.6,0.547722557505,2.75,0,0
0.6,0.547722557505,3.25,0,0
0.6,0.547722557505,3.75,0,0
0.6,0.547722557505,4.25,0,0
0.6,0.547722557505,4.75,0,0
0.6,0.547722557505,5.25,0,0
0.6,0.547722557505,5.75,0,0
0.6,0.547722557505,6.25,0,0
0.6,0.547722557505,6.75,0,0
0.6,0.547722557505,7.25,0,0
0.6,0.547722557505,7.75,0,0
0.6,0.547722557505,8.25,0,5.92664853093e+87
0.6,0.547722557505,8.75,0,5.08794384079e+88
0.6,0.547722557505,9.25,0,4.3679277406e+89
0.6,0.547722557505,9.75,0,3.74980411421e+90
0.6,0.547722557505,10.25,8.78951954643e+91,3.21915373377e+91
0.6,0.547722557505,10.75,0,2.76359789631e+92
0.6,0.547722557505,11.25,0,2.37250966066e+93
0.6,0.547722557505,11.75,0,2.03676594827e+94
0.6,0.547722557505,12.25,0,0
0.6,0.547722557505,12.75,0,0
0.6,0.547722557505,13.25,0,0
0.6,0.547722557505,13.75,0,0
0.6,0.547722557505,14.25,0,0
0.6,0.547722557505,14.75,0,0
0.6,0.547722557505,15.25,0,0
0.6,0.547722557505,15.75,0,0
0.6,0.547722557505,16.25,0,0
0.6,0.547722557505,16.75,0,0
0.6,0.547722557505,17.25,0,0
0.6,0.547722557505,17.75,0,0
0.6,0.547722557505,18.25,0,0
0.6,0.547722557505,18.75,0,0
0.6,0.547722557505,19.25,0,0
0.6,0.547722557505,19.75,0,0
0.6,0.547722557505,20.25,0,0
0.6,0.547722557505,20.75,0,0
0.6,0.547722557505,21.25,0,0
0.6,0.547722557505,21.75,0,0
0.6,0.547722557505,22.25,0,0
0.6,0.547722557505,22.75,0,0
0.6,0.547722557505,23.25,0,0
0.6,0.547722557505,23.75,0,0
0.6,0.547722557505,24.25,0,0
0.6,0.547722557505,24.75,0,0
0.6,0.547722557505,25.25,0,0
0.6,0.547722557505,25.75,0,0
0.6,0.547722557505,26.25,0,0
0.6,0.547722557505,26.75,0,0
0.6,0.547722557505,27.25,0,0
0.6,0.547722557505,27.75,0,0
0.6,0.547722557505,28.25,0,0
0.6,0.547722557505,28.75,0,0
0.6,0.547722557505,29.25,0,0
0.6,0.547722557505,29.75,0,0
0.6,0.547722557505,30.25,0,0
0.6,0.547722557505,30.75,0,0
0.6,0.547722557505,31.25,0,0
0.6,0.547722557505,31.75,0,0
0.6,0.547722557505,32.25,0,0
0.6,0.547722557505,32.75,0,0
0.6,0.547722557505,33.25,0,0
0.6,0.547722557505,33.75,0,0
0.6,0.547722557505,34.25,0,0
0.6,0.547722557505,34.75,0,0
0.6,0.547722557505,35.25,0,0
0.6,0.547722557505,35.75,0,8.80384359052e+87
0.6,0.547722557505,36.25,0,7.55797505755e+88
0.6,0.547722557505,36.75,0,6.48841456384e+89
0.6,0.547722557505,37.25,0,5.57021202528e+90
0.6,0.547722557505,37.75,1.31842793196e+92,4.78297831452e+91
0.6,0.547722557505,38.25,0,4.10611915469e+92
0.6,0.547722557505,38.75,0,3.52504515049e+93
0.6,0.547722557505,39.25,8.78951954643e+91,3.02620134606e+94
0.6,0.547722557505,39.75,0,5.5955142215e+91
0.6,0.547722557505,40.25,0,4.8036697251e+92
0.6,0.547722557505,40.75,0,4.12388243768e+93
0.6,0.547722557505,41.25,0,3.54029467741e+94
0.6,0.547722557505,41.75,0,0
0.6,0.547722557505,42.25,0,0
0.6,0.547722557505,42.75,0,0
0.6,0.547722557505,43.25,0,0
0.6,0.547722557505,43.75,0,0
0.6,0.547722557505,44.25,0,0
0.6,0.547722557505,44.75,0,0
0.6,0.547722557505,45.25,0,1.32163055848e+88
0.6,0.547722557505,45.75,0,1.54771184594e+89
0.6,0.547722557505,46.25,0,1.88510994532e+90
0.6,0.547722557505,46.75,1.75790390929e+92,2.59378788705e+91
0.6,0.547722557505,47.25,4.39475977322e+91,3.11829340824e+92
0.6,0.547722557505,47.75,1.49421832289e+93,3.64607796237e+93
0.6,0.547722557505,48.25,4.76831435394e+94,4.18896886795e+94
0.6,0.547722557505,48.75,4.18556920801e+95,4.89658399435e+95
0.6,0.547722557505,49.25,3.94394531568e+96,2.5900133182e+96
0.6,0.547722557505,49.75,3.95353907626e+97,2.81095605948e+97
0.7,0.59160797831,0.25,0,0
0.7,0.59160797831,0.75,0,0
0.7,0.59160797831,1.25,0,0
0.7,0.59160797831,1.75,0,0
0.7,0.59160797831,2.25,0,0
0.7,0.59160797831,2.75,0,0
0.7,0.59160797831,3.25,0,0
0.7,0.59160797831,3.75,0,0
0.7,0.59160797831,4.25,0,0
0.7,0.59160797831,4.75,0,0
0.7,0.59160797831,5.25,0,0
0.7,0.59160797831,5.75,0,0
0.7,0.59160797831,6.25,0,0
0.7,0.59160797831,6.75,0,0
0.7,0.59160797831,7.25,0,0
0.7,0.59160797831,7.75,0,0
0.7,0.59160797831,8.25,0,1.08996093289e+89
0.7,0.59160797831,8.75,0,9.70031114113e+89
0.7,0.59160797831,9.25,0,8.63122251555e+90
0.7,0.59160797831,9.75,0,7.67673605795e+91
0.7,0.59160797831,10.25,1.83114990551e+93,6.8236264345e+92
0.7,0.59160797831,10.75,0,6.06060243307e+93
0.7,0.59160797831,11.25,0,5.37794495122e+94
0.7,0.59160797831,11.75,0,4.7672166979e+95
0.7,0.59160797831,12.25,0,0
0.7,0.59160797831,12.75,0,0
0.7,0.59160797831,13.25,0,0
0.7,0.59160797831,13.75,0,0
0.7,0.59160797831,14.25,0,0
0.7,0.59160797831,14.75,0,0
0.7,0.59160797831,15.25,0,0
0.7,0.59160797831,15.75,0,0
0.7,0.59160797831,16.25,0,0
0.7,0.59160797831,16.75,0,0
0.7,0.59160797831,17.25,0,0
0.7,0.59160797831,17.75,0,0
0.7,0.59160797831,18.25,0,0
0.7,0.59160797831,18.75,0,0
0.7,0.59160797831,19.25,0,0
0.7,0.59160797831,19.75,0,0
0.7,0.59160797831,20.25,0,0
0.7,0.59160797831,20.75,0,0
0.7,0.59160797831,21.25,0,0
0.7,0.59160797831,21.75,0,0
0.7,0.59160797831,22.25,0,0
0.7,0.59160797831,22.75,0,0
0.7,0.59160797831,23.25,0,0
0.7,0.59160797831,23.75,0,0
0.7,0.59160797831,24.25,0,0
0.7,0.59160797831,24.75,0,0
0.7,0.59160797831,25.25,0,0
0.7,0.59160797831,25.75,0,0
0.7,0.59160797831,26.25,0,0
0.7,0.59160797831,26.75,0,0
0.7,0.59160797831,27.25,0,0
0.7,0.59160797831,27.75,0,0
0.7,0.59160797831,28.25,0,0
0.7,0.59160797831,28.75,0,0
0.7,0.59160797831,29.25,0,0
0.7,0.59160797831,29.75,0,0
0.7,0.59160797831,30.25,0,0
0.7,0.59160797831,30.75,0,0
0.7,0.59160797831,31.25,0,0
0.7,0.59160797831,31.75,0,0
0.7,0.59160797831,32.25,0,0
0.7,0.59160797831,32.75,0,0
0.7,0.59160797831,33.25,0,0
0.7,0.59160797831,33.75,0,0
0.7,0.59160797831,34.25,0,0
0.7,0.59160797831,34.75,0,0
0.7,0.59160797831,35.25,0,0
0.7,0.59160797831,35.75,0,0
0.7,0.59160797831,36.25,0,0
0.7,0.59160797831,36.75,0,0
0.7,0.59160797831,37.25,0,0
0.7,0.59160797831,37.75,0,0
0.7,0.59160797831,38.25,0,0
0.7,0.59160797831,38.75,0,0
0.7,0.59160797831,39.25,0,0
0.7,0.59160797831,39.75,0,0
0.7,0.59160797831,40.25,0,0
0.7,0.59160797831,40.75,0,0
0.7,0.59160797831,41.25,0,0
0.7,0.59160797831,41.75,0,0
0.7,0.59160797831,42.25,0,0
0.7,0.59160797831,42.75,0,0
0.7,0.59160797831,43.25,0,0
0.7,0.59160797831,43.75,0,0
0.7,0.59160797831,44.25,0,0
0.7,0.59160797831,44.75,0,0
0.7,0.59160797831,45.25,0,0
0.7,0.59160797831,45.75,0,2.49419827028e+89
0.7,0.59160797831,46.25,0,6.41232778955e+90
0.7,0.59160797831,46.75,0,9.33089013522e+91
0.7,0.59160797831,47.25,2.92983984881e+93,1.26840938605e+93
0.7,0.59160797831,47.75,3.36931582613e+94,1.59353977874e+94
0.7,0.59160797831,48.25,2.58192136676e+95,1.84368749344e+95
0.7,0.59160797831,48.75,3.54730359695e+96,2.08415241886e+96
0.7,0.59160797831,49.25,3.39165585498e+97,2.41502818182e+97
0.7,0.59160797831,49.75,3.2846947267e+98,2.44387858526e+98
0.8,0.632455532034,0.25,0,0
0.8,0.632455532034,0.75,0,0
0.8,0.632455532034,1.25,0,0
0.8,0.632455532034,1.75,0,0
0.8,0.632455532034,2.25,0,0
0.8,0.632455532034,2.75,0,0
0.8,0.632455532034,3.25,0,0
0.8,0.632455532034,3.75,0,0
0.8,0.632455532034,4.25,0,0
0.8,0.632455532034,4.75,0,0
0.8,0.632455532034,5.25,0,0
0.8,0.632455532034,5.75,0,0
0.8,0.632455532034,6.25,0,0
0.8,0.632455532034,6.75,0,0
0.8,0.632455532034,7.25,0,0
0.8,0.632455532034,7.75,0,0
0.8,0.632455532034,8.25,0,0
0.8,0.632455532034,8.75,0,0
0.8,0.632455532034,9.25,0,0
0.8,0.632455532034,9.75,0,0
0.8,0.632455532034,10.25,0,0
0.8,0.632455532034,10.75,0,0
0.8,0.632455532034,11.25,0,0
0.8,0.632455532034,11.75,0,0
0.8,0.632455532034,12.25,0,0
0.8,0.632455532034,12.75,0,0
0.8,0.632455532034,13.25,0,0
0.8,0.632455532034,13.75,0,0
0.8,0.632455532034,14.25,0,0
0.8,0.632455532034,14.75,0,0
0.8,0.632455532034,15.25,0,0
0.8,0.632455532034,15.75,0,0
0.8,0.632455532034,16.25,0,0
0.8,0.632455532034,16.75,0,0
0.8,0.632455532034,17.25,0,0
0.8,0.632455532034,17.75,0,0
0.8,0.632455532034,18.25,0,0
0.8,0.632455532034,18.75,0,0
0.8,0.632455532034,19.25,0,0
0.8,0.632455532034,19.75,0,0
0.8,0.632455532034,20.25,0,0
0.8,0.632455532034,20.75,0,0
0.8,0.632455532034,21.25,0,0
0.8,0.632455532034,21.75,0,0
0.8,0.632455532034,22.25,0,0
0.8,0.632455532034,22.75,0,0
0.8,0.632455532034,23.25,0,0
0.8,0.632455532034,23.75,0,0
0.8,0.632455532034,24.25,0,0
0.8,0.632455532034,24.75,0,0
0.8,0.632455532034,25.25,0,0
0.8,0.632455532034,25.75,0,0
0.8,0.632455532034,26.25,0,0
0.8,0.632455532034,26.75,0,0
0.8,0.632455532034,27.25,0,0
0.8,0.632455532034,27.75,0,0
0.8,0.632455532034,28.25,0,0
0.8,0.632455532034,28.75,0,0
0.8,0.632455532034,29.25,0,0
0.8,0.632455532034,29.75,0,0
0.8,0.632455532034,30.25,0,0
0.8,0.632455532034,30.75,0,0
0.8,0.632455532034,31.25,0,0
0.8,0.632455532034,31.75,0,0
0.8,0.632455532034,32.25,0,0
0.8,0.632455532034,32.75,0,0
0.8,0.632455532034,33.25,0,0
0.8,0.632455532034,33.75,0,0
0.8,0.632455532034,34.25,0,0
0.8,0.632455532034,34.75,0,0
0.8,0.632455532034,35.25,0,0
0.8,0.632455532034,35.75,0,0
0.8,0.632455532034,36.25,0,0
0.8,0.632455532034,36.75,0,0
0.8,0.632455532034,37.25,0,0
0.8,0.632455532034,37.75,0,0
0.8,0.632455532034,38.25,0,0
0.8,0.632455532034,38.75,0,0
0.8,0.632455532034,39.25,0,0
0.8,0.632455532034,39.75,0,0
0.8,0.632455532034,40.25,0,0
0.8,0.632455532034,40.75,0,0
0.8,0.632455532034,41.25,0,0
0.8,0.632455532034,41.75,0,0
0.8,0.632455532034,42.25,0,0
0.8,0.632455532034,42.75,0,0
0.8,0.632455532034,43.25,0,0
0.8,0.632455532034,43.75,0,0
0.8,0.632455532034,44.25,0,0
0.8,0.632455532034,44.75,0,0
0.8,0.632455532034,45.25,0,2.6014167325e+88
0.8,0.632455532034,45.75,0,3.6105738061e+89
0.8,0.632455532034,46.25,0,4.46587783513e+90
0.8,0.632455532034,46.75,0,5.85299894441e+91
0.8,0.632455532034,47.25,1.0986899433e+93,7.3321843611e+92
0.8,0.632455532034,47.75,1.56013971949e+94,8.98066121848e+93
0.8,0.632455532034,48.25,1.66341657416e+95,1.04460901758e+95
0.8,0.632455532034,48.75,1.79284224948e+96,1.19359925966e+96
0.8,0.632455532034,49.25,1.8893951217e+97,1.26392044319e+97
0.8,0.632455532034,49.75,1.9886815345e+98,1.45293201239e+98
0.9,0.67082039325,0.25,0,0
0.9,0.67082039325,0.75,0,0
0.9,0.67082039325,1.25,0,0
0.9,0.67082039325,1.75,0,0
0.9,0.67082039325,2.25,0,0
0.9,0.67082039325,2.75,0,0
0.9,0.67082039325,3.25,0,0
0.9,0.67082039325,3.75,0,0
0.9,0.67082039325,4.25,0,0
0.9,0.67082039325,4.75,0,0
0.9,0.67082039325,5.25,0,0
0.9,0.67082039325,5.75,0,0
0.9,0.67082039325,6.25,0,0
0.9,0.67082039325,6.75,0,0
0.9,0.67082039325,7.25,0,0
0.9,0.67082039325,7.75,0,0
0.9,0.67082039325,8.25,0,1.34696557521e+88
0.9,0.67082039325,8.75,0,1.15635087291e+89
0.9,0.67082039325,9.25,0,9.92710850136e+89
0.9,0.67082039325,9.75,0,8.52228207776e+90
0.9,0.67082039325,10.25,1.99761807873e+92,7.31625848584e+91
0.9,0.67082039325,10.75,0,6.28090430981e+92
0.9,0.67082039325,11.25,0,5.39206741059e+93
0.9,0.67082039325,11.75,0,4.6290135188e+94
0.9,0.67082039325,12.25,0,0
0.9,0.67082039325,12.75,0,0
0.9,0.67082039325,13.25,0,0
0.9,0.67082039325,13.75,0,0
0.9,0.67082039325,14.25,0,0
0.9,0.67082039325,14.75,0,0
0.9,0.67082039325,15.25,0,0
0.9,0.67082039325,15.75,0,0
0.9,0.67082039325,16.25,0,0
0.9,0.67082039325,16.75,0,0
0.9,0.67082039325,17.25,0,0
0.9,0.67082039325,17.75,0,0
0.9,0.67082039325,18.25,0,0
0.9,0.67082039325,18.75,0,0
0.9,0.67082039325,19.25,0,0
0.9,0.67082039325,19.75,0,1.29448706539e+89
0.9,0.67082039325,20.25,0,1.11129881534e+90
0.9,0.67082039325,20.75,0,9.54034296661e+90
0.9,0.67082039325,21.25,6.99166327557e+92,8.19024934289e+91
0.9,0.67082039325,21.75,0,7.03121308463e+92
0.9,0.67082039325,22.25,0,6.03619686919e+93
0.9,0.67082039325,22.75,0,5.18198953795e+94
0.9,0.67082039325,23.25,0,4.4486646399e+95
0.9,0.67082039325,23.75,0,0
0.9,0.67082039325,24.25,0,0
0.9,0.67082039325,24.75,0,0
0.9,0.67082039325,25.25,0,0
0.9,0.67082039325,25.75,0,0
0.9,0.67082039325,26.25,0,0
0.9,0.67082039325,26.75,0,0
0.9,0.67082039325,27.25,0,0
0.9,0.67082039325,27.75,0,0
0.9,0.67082039325,28.25,0,0
0.9,0.67082039325,28.75,0,0
0.9,0.67082039325,29.25,0,0
0.9,0.67082039325,29.75,0,0
0.9,0.67082039325,30.25,0,0
0.9,0.67082039325,30.75,0,0
0.9,0.67082039325,31.25,0,8.82212935106e+88
0.9,0.67082039325,31.75,0,7.55107417026e+89
0.9,0.67082039325,32.25,0,6.45986202063e+90
0.9,0.67082039325,32.75,0,5.52375859941e+91
0.9,0.67082039325,33.25,1.39833265511e+93,4.7212840812e+92
0.9,0.67082039325,33.75,0,4.03381456848e+93
0.9,0.67082039325,34.25,0,3.44522642789e+94
0.9,0.67082039325,34.75,0,2.94158010031e+95
0.9,0.67082039325,35.25,0,0
0.9,0.67082039325,35.75,0,0
0.9,0.67082039325,36.25,0,1.04452341355e+89
0.9,0.67082039325,36.75,0,8.58735774867e+89
0.9,0.67082039325,37.25,0,6.92606866016e+90
0.9,0.67082039325,37.75,4.99404519684e+92,5.58025655484e+91
0.9,0.67082039325,38.25,0,4.49143081964e+92
0.9,0.67082039325,38.75,5.9928542362e+92,3.61161144658e+93
0.9,0.67082039325,39.25,0,2.9015178108e+94
0.9,0.67082039325,39.75,0,2.32905170164e+95
0.9,0.67082039325,40.25,0,4.60489865918e+94
0.9,0.67082039325,40.75,0,0
0.9,0.67082039325,41.25,0,0
0.9,0.67082039325,41.75,0,0
0.9,0.67082039325,42.25,0,0
0.9,0.67082039325,42.75,0,0
0.9,0.67082039325,43.25,0,0
0.9,0.67082039325,43.75,0,0
0.9,0.67082039325,44.25,0,3.92132475291e+89
0.9,0.67082039325,44.75,0,3.46393655245e+90
0.9,0.67082039325,45.25,0,3.03294316311e+91
0.9,0.67082039325,45.75,2.59690350235e+93,2.65404961562e+92
0.9,0.67082039325,46.25,0,2.32095602922e+93
0.9,0.67082039325,46.75,4.99404519684e+92,2.02878587427e+94
0.9,0.67082039325,47.25,0,1.772407156e+95
0.9,0.67082039325,47.75,4.8941642929e+93,1.54774364539e+96
0.9,0.67082039325,48.25,7.05159181793e+94,1.48160516472e+95
0.9,0.67082039325,48.75,8.35603642334e+95,4.56335970755e+95
0.9,0.67082039325,49.25,8.58965785765e+96,5.65070200657e+96
0.9,0.67082039325,49.75,9.03737400955e+97,6.39344796739e+97
1,0.707106781187,0.25,0,0
1,0.707106781187,0.75,0,0
1,0.707106781187,1.25,0,0
1,0.707106781187,1.75,0,0
1,0.707106781187,2.25,0,0
1,0.707106781187,2.75,0,0
1,0.707106781187,3.25,0,0
1,0.707106781187,3.75,0,0
1,0.707106781187,4.25,0,0
1,0.707106781187,4.75,0,0
1,0.707106781187,5.25,0,0
1,0.707106781187,5.75,0,0
1,0.707106781187,6.25,0,0
1,0.707106781187,6.75,0,0
1,0.707106781187,7.25,0,0
1,0.707106781187,7.75,0,0
1,0.707106781187,8.25,0,8.21596149087e+88
1,0.707106781187,8.75,0,6.85349009675e+89
1,0.707106781187,9.25,0,5.71164114086e+90
1,0.707106781187,9.75,0,4.75820171191e+91
1,0.707106781187,10.25,1.0986899433e+93,3.96422483861e+92
1,0.707106781187,10.75,0,3.30426452239e+93
1,0.707106781187,11.25,0,2.75632174585e+94
1,0.707106781187,11.75,0,2.30162014639e+95
1,0.707106781187,12.25,0,0
1,0.707106781187,12.75,0,0
1,0.707106781187,13.25,0,0
1,0.707106781187,13.75,0,0
1,0.707106781187,14.25,0,0
1,0.707106781187,14.75,0,0
1,0.707106781187,15.25,0,0
1,0.707106781187,15.75,0,0
1,0.707106781187,16.25,0,0
1,0.707106781187,16.75,0,0
1,0.707106781187,17.25,0,0
1,0.707106781187,17.75,0,0
1,0.707106781187,18.25,0,0
1,0.707106781187,18.75,0,0
1,0.707106781187,19.25,0,0
1,0.707106781187,19.75,0,0
1,0.707106781187,20.25,0,0
1,0.707106781187,20.75,0,0
1,0.707106781187,21.25,0,0
1,0.707106781187,21.75,0,0
1,0.707106781187,22.25,0,0
1,0.707106781187,22.75,0,0
1,0.707106781187,23.25,0,0
1,0.707106781187,23.75,0,0
1,0.707106781187,24.25,0,0
1,0.707106781187,24.75,0,0
1,0.707106781187,25.25,0,0
1,0.707106781187,25.75,0,0
1,0.707106781187,26.25,0,0
1,0.707106781187,26.75,0,0
1,0.707106781187,27.25,0,0
1,0.707106781187,27.75,0,0
1,0.707106781187,28.25,0,0
1,0.707106781187,28.75,0,0
1,0.707106781187,29.25,0,0
1,0.707106781187,29.75,0,0
1,0.707106781187,30.25,0,0
1,0.707106781187,30.75,0,0
1,0.707106781187,31.25,0,0
1,0.707106781187,31.75,0,0
1,0.707106781187,32.25,0,0
1,0.707106781187,32.75,0,0
1,0.707106781187,33.25,0,0
1,0.707106781187,33.75,0,0
1,0.707106781187,34.25,0,0
1,0.707106781187,34.75,0,0
1,0.707106781187,35.25,0,0
1,0.707106781187,35.75,0,0
1,0.707106781187,36.25,0,0
1,0.707106781187,36.75,0,0
1,0.707106781187,37.25,0,0
1,0.707106781187,37.75,0,0
1,0.707106781187,38.25,0,0
1,0.707106781187,38.75,0,0
1,0.707106781187,39.25,0,0
1,0.707106781187,39.75,0,0
1,0.707106781187,40.25,0,0
1,0.707106781187,40.75,0,1.19897784429e+89
1,0.707106781187,41.25,0,9.44036193892e+89
1,0.707106781187,41.75,0,7.45917622887e+90
1,0.707106781187,42.25,0,5.91461328055e+91
1,0.707106781187,42.75,2.56360986771e+93,4.70643181354e+92
1,0.707106781187,43.25,0,3.75813346869e+93
1,0.707106781187,43.75,0,3.01121483883e+94
1,0.707106781187,44.25,0,2.42083070036e+95
1,0.707106781187,44.75,0,0
1,0.707106781187,45.25,0,0
1,0.707106781187,45.75,0,1.15347874516e+89
1,0.707106781187,46.25,0,2.06338249773e+90
1,0.707106781187,46.75,0,3.28510633317e+91
1,0.707106781187,47.25,7.32459962203e+92,4.53192436043e+92
1,0.707106781187,47.75,1.33673943102e+94,6.06185198636e+93
1,0.707106781187,48.25,1.4301280762e+95,7.77677696378e+94
1,0.707106781187,48.75,1.39881541282e+96,9.89512860381e+95
1,0.707106781187,49.25,1.45424432046e+97,1.29165128303e+97
1,0.707106781187,49.75,1.67012956972e+98,1.40479255209e+98
1.1,0.74161984871,0.25,0,0
1.1,0.74161984871,0.75,0,0
1.1,0.74161984871,1.25,0,0
1.1,0.74161984871,1.75,0,0
1.1,0.74161984871,2.25,0,0
1.1,0.74161984871,2.75,0,0
1.1,0.74161984871,3.25,0,0
1.1,0.74161984871,3.75,0,0
1.1,0.74161984871,4.25,0,0
1.1,0.74161984871,4.75,0,0
1.1,0.74161984871,5.25,0,0
1.1,0.74161984871,5.75,0,0
1.1,0.74161984871,6.25,0,0
1.1,0.74161984871,6.75,0,0
1.1,0.74161984871,7.25,0,0
1.1,0.74161984871,7.75,0,0
1.1,0.74161984871,8.25,0,2.02044836282e+88
1.1,0.74161984871,8.75,0,1.73452630936e+89
1.1,0.74161984871,9.25,0,1.4890662752e+90
1.1,0.74161984871,9.75,0,1.27834231166e+91
1.1,0.74161984871,10.25,2.9964271181e+92,1.09743877288e+92
1.1,0.74161984871,10.75,0,9.42135646471e+92
1.1,0.74161984871,11.25,0,8.08810111589e+93
1.1,0.74161984871,11.75,0,6.94352027819e+94
1.1,0.74161984871,12.25,0,0
1.1,0.74161984871,12.75,0,0
1.1,0.74161984871,13.25,0,0
1.1,0.74161984871,13.75,0,0
1.1,0.74161984871,14.25,0,0
1.1,0.74161984871,14.75,0,0
1.1,0.74161984871,15.25,0,0
1.1,0.74161984871,15.75,0,0
1.1,0.74161984871,16.25,0,0
1.1,0.74161984871,16.75,0,0
1.1,0.74161984871,17.25,0,0
1.1,0.74161984871,17.75,0,0
1.1,0.74161984871,18.25,0,0
1.1,0.74161984871,18.75,0,0
1.1,0.74161984871,19.25,0,0
1.1,0.74161984871,19.75,0,0
1.1,0.74161984871,20.25,0,0
1.1,0.74161984871,20.75,0,0
1.1,0.74161984871,21.25,0,0
1.1,0.74161984871,21.75,0,0
1.1,0.74161984871,22.25,0,0
1.1,0.74161984871,22.75,0,0
1.1,0.74161984871,23.25,0,0
1.1,0.74161984871,23.75,0,0
1.1,0.74161984871,24.25,0,0
1.1,0.74161984871,24.75,0,0
1.1,0.74161984871,25.25,0,0
1.1,0.74161984871,25.75,0,0
1.1,0.74161984871,26.25,0,0
1.1,0.74161984871,26.75,0,0
1.1,0.74161984871,27.25,0,0
1.1,0.74161984871,27.75,0,0
1.1,0.74161984871,28.25,0,0
1.1,0.74161984871,28.75,0,0
1.1,0.74161984871,29.25,0,0
1.1,0.74161984871,29.75,0,0
1.1,0.74161984871,30.25,0,0
1.1,0.74161984871,30.75,0,0
1.1,0.74161984871,31.25,0,0
1.1,0.74161984871,31.75,0,0
1.1,0.74161984871,32.25,0,0
1.1,0.74161984871,32.75,0,0
1.1,0.74161984871,33.25,0,0
1.1,0.74161984871,33.75,0,0
1.1,0.74161984871,34.25,0,0
1.1,0.74161984871,34.75,0,0
1.1,0.74161984871,35.25,0,0
1.1,0.74161984871,35.75,0,0
1.1,0.74161984871,36.25,0,0
1.1,0.74161984871,36.75,0,0
1.1,0.74161984871,37.25,0,0
1.1,0.74161984871,37.75,0,0
1.1,0.74161984871,38.25,0,0
1.1,0.74161984871,38.75,0,0
1.1,0.74161984871,39.25,0,0
1.1,0.74161984871,39.75,0,0
1.1,0.74161984871,40.25,0,0
1.1,0.74161984871,40.75,0,0
1.1,0.74161984871,41.25,0,0
1.1,0.74161984871,41.75,0,0
1.1,0.74161984871,42.25,0,0
1.1,0.74161984871,42.75,0,0
1.1,0.74161984871,43.25,0,0
1.1,0.74161984871,43.75,0,0
1.1,0.74161984871,44.25,0,9.71587842036e+87
1.1,0.74161984871,44.75,0,8.3409440443e+88
1.1,0.74161984871,45.25,0,7.31308446648e+89
1.1,0.74161984871,45.75,0,6.50685883528e+90
1.1,0.74161984871,46.25,2.9964271181e+92,6.01923170088e+91
1.1,0.74161984871,46.75,0,5.76312612913e+92
1.1,0.74161984871,47.25,3.29606982991e+93,5.74172616562e+93
1.1,0.74161984871,47.75,4.2549265077e+94,5.97952295099e+94
1.1,0.74161984871,48.25,5.84403168934e+95,3.57308312634e+95
1.1,0.74161984871,48.75,6.77741873663e+96,4.78568945708e+96
1.1,0.74161984871,49.25,7.83267047481e+97,5.99225372999e+97
1.1,0.74161984871,49.75,9.13074068093e+98,7.15629453208e+98
1.2,0.774596669241,0.25,0,0
1.2,0.774596669241,0.75,0,0
1.2,0.774596669241,1.25,0,0
1.2,0.774596669241,1.75,0,0
1.2,0.774596669241,2.25,0,0
1.2,0.774596669241,2.75,0,0
1.2,0.774596669241,3.25,0,0
1.2,0.774596669241,3.75,0,0
1.2,0.774596669241,4.25,0,0
1.2,0.774596669241,4.75,0,0
1.2,0.774596669241,5.25,0,0
1.2,0.774596669241,5.75,0,0
1.2,0.774596669241,6.25,0,0
1.2,0.774596669241,6.75,0,0
1.2,0.774596669241,7.25,0,0
1.2,0.774596669241,7.75,0,0
1.2,0.774596669241,8.25,0,3.70415533183e+88
1.2,0.774596669241,8.75,0,3.17996490049e+89
1.2,0.774596669241,9.25,0,2.72995483787e+90
1.2,0.774596669241,9.75,0,2.34362757138e+91
1.2,0.774596669241,10.25,5.49344971652e+92,2.0119710836e+92
1.2,0.774596669241,10.75,0,1.7272486852e+93
1.2,0.774596669241,11.25,0,1.48281853791e+94
1.2,0.774596669241,11.75,0,1.27297871767e+95
1.2,0.774596669241,12.25,0,7.44935701982e+88
1.2,0.774596669241,12.75,0,6.22068953339e+89
1.2,0.774596669241,13.25,0,5.18968302875e+90
1.2,0.774596669241,13.75,0,4.32644378249e+91
1.2,0.774596669241,14.25,1.0986899433e+93,3.60500802058e+92
1.2,0.774596669241,14.75,0,3.00300173267e+93
1.2,0.774596669241,15.25,0,2.50127254467e+94
1.2,0.774596669241,15.75,0,2.08351898437e+95
1.2,0.774596669241,16.25,0,0
1.2,0.774596669241,16.75,0,0
1.2,0.774596669241,17.25,0,0
1.2,0.774596669241,17.75,0,0
1.2,0.774596669241,18.25,0,0
1.2,0.774596669241,18.75,0,0
1.2,0.774596669241,19.25,0,0
1.2,0.774596669241,19.75,0,0
1.2,0.774596669241,20.25,0,0
1.2,0.774596669241,20.75,0,0
1.2,0.774596669241,21.25,0,0
1.2,0.774596669241,21.75,0,0
1.2,0.774596669241,22.25,0,0
1.2,0.774596669241,22.75,0,0
1.2,0.774596669241,23.25,0,0
1.2,0.774596669241,23.75,0,0
1.2,0.774596669241,24.25,0,0
1.2,0.774596669241,24.75,0,0
1.2,0.774596669241,25.25,0,0
1.2,0.774596669241,25.75,0,0
1.2,0.774596669241,26.25,0,0
1.2,0.774596669241,26.75,0,0
1.2,0.774596669241,27.25,0,0
1.2,0.774596669241,27.75,0,0
1.2,0.774596669241,28.25,0,0
1.2,0.774596669241,28.75,0,0
1.2,0.774596669241,29.25,0,0
1.2,0.774596669241,29.75,0,0
1.2,0.774596669241,30.25,0,0
1.2,0.774596669241,30.75,0,0
1.2,0.774596669241,31.25,0,0
1.2,0.774596669241,31.75,0,0
1.2,0.774596669241,32.25,0,0
1.2,0.774596669241,32.75,0,0
1.2,0.774596669241,33.25,0,0
1.2,0.774596669241,33.75,0,0
1.2,0.774596669241,34.25,0,0
1.2,0.774596669241,34.75,0,0
1.2,0.774596669241,35.25,0,0
1.2,0.774596669241,35.75,0,0
1.2,0.774596669241,36.25,0,0
1.2,0.774596669241,36.75,0,0
1.2,0.774596669241,37.25,0,0
1.2,0.774596669241,37.75,0,0
1.2,0.774596669241,38.25,0,0
1.2,0.774596669241,38.75,0,0
1.2,0.774596669241,39.25,0,0
1.2,0.774596669241,39.75,0,0
1.2,0.774596669241,40.25,0,0
1.2,0.774596669241,40.75,0,0
1.2,0.774596669241,41.25,0,7.37057496155e+88
1.2,0.774596669241,41.75,0,9.82029980526e+89
1.2,0.774596669241,42.25,0,8.30229365041e+90
1.2,0.774596669241,42.75,0,7.01702188484e+91
1.2,0.774596669241,43.25,1.0986899433e+93,5.92913575827e+92
1.2,0.774596669241,43.75,5.49344971652e+93,5.00859722959e+93
1.2,0.774596669241,44.25,0,4.22989133978e+94
1.2,0.774596669241,44.75,0,3.57135358213e+95
1.2,0.774596669241,45.25,0,1.15530938711e+96
1.2,0.774596669241,45.75,0,1.8132713966e+90
1.2,0.774596669241,46.25,0,3.15821709058e+91
1.2,0.774596669241,46.75,0,4.9454554625e+92
1.2,0.774596669241,47.25,1.59310041779e+94,7.43822447716e+93
1.2,0.774596669241,47.75,2.34570302895e+95,1.095447173e+95
1.2,0.774596669241,48.25,2.74947158312e+96,1.56049634516e+96
1.2,0.774596669241,48.75,3.19762721099e+97,2.21016591729e+97
1.2,0.774596669241,49.25,3.94289057333e+98,3.00686017552e+98
1.2,0.774596669241,49.75,5.06417617401e+99,4.0685104128e+99
1.3,0.80622577483,0.25,0,0
1.3,0.80622577483,0.75,0,0
1.3,0.80622577483,1.25,0,0
1.3,0.80622577483,1.75,0,0
1.3,0.80622577483,2.25,0,0
1.3,0.80622577483,2.75,0,0
1.3,0.80622577483,3.25,0,0
1.3,0.80622577483,3.75,0,0
1.3,0.80622577483,4.25,0,0
1.3,0.80622577483,4.75,0,0
1.3,0.80622577483,5.25,0,0
1.3,0.80622577483,5.75,0,0
1.3,0.80622577483,6.25,0,0
1.3,0.80622577483,6.75,0,0
1.3,0.80622577483,7.25,0,0
1.3,0.80622577483,7.75,0,0
1.3,0.80622577483,8.25,0,1.48166213273e+88
1.3,0.80622577483,8.75,0,1.2719859602e+89
1.3,0.80622577483,9.25,0,1.09198193515e+90
1.3,0.80622577483,9.75,0,9.37451028553e+90
1.3,0.80622577483,10.25,2.19737988661e+92,8.04788433442e+91
1.3,0.80622577483,10.75,0,6.90899474079e+92
1.3,0.80622577483,11.25,0,5.93127415165e+93
1.3,0.80622577483,11.75,0,5.09191487068e+94
1.3,0.80622577483,12.25,0,0
1.3,0.80622577483,12.75,0,0
1.3,0.80622577483,13.25,0,0
1.3,0.80622577483,13.75,0,0
1.3,0.80622577483,14.25,0,0
1.3,0.80622577483,14.75,0,0
1.3,0.80622577483,15.25,0,0
1.3,0.80622577483,15.75,0,0
1.3,0.80622577483,16.25,0,0
1.3,0.80622577483,16.75,0,0
1.3,0.80622577483,17.25,0,0
1.3,0.80622577483,17.75,0,0
1.3,0.80622577483,18.25,0,0
1.3,0.80622577483,18.75,0,1.41297657782e+88
1.3,0.80622577483,19.25,0,1.21302038392e+89
1.3,0.80622577483,19.75,0,1.04136082288e+90
1.3,0.80622577483,20.25,0,8.9399352048e+90
1.3,0.80622577483,20.75,2.19737988661e+92,7.67480778131e+91
1.3,0.80622577483,21.25,0,6.58871380281e+92
1.3,0.80622577483,21.75,0,5.65631750167e+93
1.3,0.80622577483,22.25,0,4.85586848013e+94
1.3,0.80622577483,22.75,0,0
1.3,0.80622577483,23.25,0,0
1.3,0.80622577483,23.75,0,0
1.3,0.80622577483,24.25,0,0
1.3,0.80622577483,24.75,0,0
1.3,0.80622577483,25.25,0,0
1.3,0.80622577483,25.75,0,0
1.3,0.80622577483,26.25,0,0
1.3,0.80622577483,26.75,0,0
1.3,0.80622577483,27.25,0,0
1.3,0.80622577483,27.75,0,0
1.3,0.80622577483,28.25,0,0
1.3,0.80622577483,28.75,0,0
1.3,0.80622577483,29.25,0,0
1.3,0.80622577483,29.75,0,0
1.3,0.80622577483,30.25,0,0
1.3,0.80622577483,30.75,0,0
1.3,0.80622577483,31.25,0,0
1.3,0.80622577483,31.75,0,0
1.3,0.80622577483,32.25,0,0
1.3,0.80622577483,32.75,0,0
1.3,0.80622577483,33.25,0,0
1.3,0.80622577483,33.75,0,0
1.3,0.80622577483,34.25,0,4.47320130518e+88
1.3,0.80622577483,34.75,0,3.80095261983e+89
1.3,0.80622577483,35.25,0,3.22965218849e+90
1.3,0.80622577483,35.75,0,2.74418485412e+91
1.3,0.80622577483,36.25,1.0986899433e+93,2.33168620931e+92
1.3,0.80622577483,36.75,0,1.9812104045e+93
1.3,0.80622577483,37.25,0,1.68344633994e+94
1.3,0.80622577483,37.75,0,1.43047532843e+95
1.3,0.80622577483,38.25,0,0
1.3,0.80622577483,38.75,0,0
1.3,0.80622577483,39.25,0,0
1.3,0.80622577483,39.75,0,0
1.3,0.80622577483,40.25,0,0
1.3,0.80622577483,40.75,0,0
1.3,0.80622577483,41.25,0,1.35007707988e+88
1.3,0.80622577483,41.75,0,1.13520232363e+89
1.3,0.80622577483,42.25,0,9.54252686987e+89
1.3,0.80622577483,42.75,0,8.01921497998e+90
1.3,0.80622577483,43.25,2.19737988661e+92,6.73723187801e+91
1.3,0.80622577483,43.75,0,5.65867874968e+92
1.3,0.80622577483,44.25,0,4.75189286189e+93
1.3,0.80622577483,44.75,0,3.98911125492e+94
1.3,0.80622577483,45.25,0,2.47896128574e+91
1.3,0.80622577483,45.75,1.97764189795e+93,2.10109971992e+92
1.3,0.80622577483,46.25,0,1.78280720526e+93
1.3,0.80622577483,46.75,0,1.51432098308e+94
1.3,0.80622577483,47.25,1.97764189795e+93,1.29001679944e+95
1.3,0.80622577483,47.75,8.32806977024e+94,1.10505357385e+96
1.3,0.80622577483,48.25,8.12810820056e+95,4.53895196551e+95
1.3,0.80622577483,48.75,1.15571195136e+97,7.04279731642e+96
1.3,0.80622577483,49.25,1.51835214619e+98,1.11797982775e+98
1.3,0.80622577483,49.75,2.03308574777e+99,1.59038459158e+99
1.35,0.821583836258,0.25,0,0
1.35,0.821583836258,0.75,0,0
1.35,0.821583836258,1.25,0,0
1.35,0.821583836258,1.75,0,0
1.35,0.821583836258,2.25,0,0
1.35,0.821583836258,2.75,0,0
1.35,0.821583836258,3.25,0,0
1.35,0.821583836258,3.75,0,0
1.35,0.821583836258,4.25,0,0
1.35,0.821583836258,4.75,0,0
1.35,0.821583836258,5.25,0,0
1.35,0.821583836258,5.75,0,0
1.35,0.821583836258,6.25,0,0
1.35,0.821583836258,6.75,0,0
1.35,0.821583836258,7.25,0,0
1.35,0.821583836258,7.75,0,0
1.35,0.821583836258,8.25,0,1.38905824944e+88
1.35,0.821583836258,8.75,0,1.19248683769e+89
1.35,0.821583836258,9.25,0,1.0237330642e+90
1.35,0.821583836258,9.75,0,8.78860339269e+90
1.35,0.821583836258,10.25,2.06004364369e+92,7.54489156352e+91
1.35,0.821583836258,10.75,0,6.47718256949e+92
1.35,0.821583836258,11.25,0,5.56056951717e+93
1.35,0.821583836258,11.75,0,4.77367019126e+94
1.35,0.821583836258,12.25,0,0
1.35,0.821583836258,12.75,0,0
1.35,0.821583836258,13.25,0,0
1.35,0.821583836258,13.75,0,0
1.35,0.821583836258,14.25,0,0
1.35,0.821583836258,14.75,0,0
1.35,0.821583836258,15.25,0,0
1.35,0.821583836258,15.75,0,0
1.35,0.821583836258,16.25,0,0
1.35,0.821583836258,16.75,0,0
1.35,0.821583836258,17.25,0,0
1.35,0.821583836258,17.75,0,0
1.35,0.821583836258,18.25,0,0
1.35,0.821583836258,18.75,0,0
1.35,0.821583836258,19.25,0,0
1.35,0.821583836258,19.75,0,0
1.35,0.821583836258,20.25,0,0
1.35,0.821583836258,20.75,0,0
1.35,0.821583836258,21.25,0,0
1.35,0.821583836258,21.75,0,0
1.35,0.821583836258,22.25,0,0
1.35,0.821583836258,22.75,0,0
1.35,0.821583836258,23.25,0,0
1.35,0.821583836258,23.75,0,0
1.35,0.821583836258,24.25,0,0
1.35,0.821583836258,24.75,0,0
1.35,0.821583836258,25.25,0,0
1.35,0.821583836258,25.75,0,0
1.35,0.821583836258,26.25,0,0
1.35,0.821583836258,26.75,0,0
1.35,0.821583836258,27.25,0,0
1.35,0.821583836258,27.75,0,0
1.35,0.821583836258,28.25,0,0
1.35,0.821583836258,28.75,0,0
1.35,0.821583836258,29.25,0,0
1.35,0.821583836258,29.75,0,0
1.35,0.821583836258,30.25,0,0
1.35,0.821583836258,30.75,0,0
1.35,0.821583836258,31.25,0,0
1.35,0.821583836258,31.75,0,0
1.35,0.821583836258,32.25,0,0
1.35,0.821583836258,32.75,0,0
1.35,0.821583836258,33.25,0,0
1.35,0.821583836258,33.75,0,0
1.35,0.821583836258,34.25,0,0
1.35,0.821583836258,34.75,0,0
1.35,0.821583836258,35.25,0,0
1.35,0.821583836258,35.75,0,0
1.35,0.821583836258,36.25,0,0
1.35,0.821583836258,36.75,0,0
1.35,0.821583836258,37.25,0,0
1.35,0.821583836258,37.75,0,0
1.35,0.821583836258,38.25,0,0
1.35,0.821583836258,38.75,0,0
1.35,0.821583836258,39.25,0,0
1.35,0.821583836258,39.75,0,0
1.35,0.821583836258,40.25,0,0
1.35,0.821583836258,40.75,0,0
1.35,0.821583836258,41.25,0,0
1.35,0.821583836258,41.75,0,0
1.35,0.821583836258,42.25,0,5.00342859766e+88
1.35,0.821583836258,42.75,0,4.2938731199e+89
1.35,0.821583836258,43.25,0,3.6848691182e+90
1.35,0.821583836258,43.75,0,3.16253873131e+91
1.35,0.821583836258,44.25,1.03002182185e+93,2.71388921482e+92
1.35,0.821583836258,44.75,0,2.3288471438e+93
1.35,0.821583836258,45.25,0,1.99840201892e+94
1.35,0.821583836258,45.75,1.37336242913e+92,1.71481874982e+95
1.35,0.821583836258,46.25,0,1.57426754525e+92
1.35,0.821583836258,46.75,0,1.34663570534e+93
1.35,0.821583836258,47.25,5.49344971652e+92,1.16308421146e+94
1.35,0.821583836258,47.75,1.70296941212e+94,7.48251373569e+93
1.35,0.821583836258,48.25,2.17265936288e+95,1.2212858579e+95
1.35,0.821583836258,48.75,3.15736022457e+96,1.95505277534e+96
1.35,0.821583836258,49.25,4.45808551482e+97,3.06702631923e+97
1.35,0.821583836258,49.75,6.38706780854e+98,4.47580701944e+98
1.4,0.836660026534,0.25,0,0
1.4,0.836660026534,0.75,0,0
1.4,0.836660026534,1.25,0,0
1.4,0.836660026534,1.75,0,0
1.4,0.836660026534,2.25,0,0
1.4,0.836660026534,2.75,0,0
1.4,0.836660026534,3.25,0,0
1.4,0.836660026534,3.75,0,0
1.4,0.836660026534,4.25,0,0
1.4,0.836660026534,4.75,0,0
1.4,0.836660026534,5.25,0,0
1.4,0.836660026534,5.75,0,0
1.4,0.836660026534,6.25,0,0
1.4,0.836660026534,6.75,0,0
1.4,0.836660026534,7.25,0,0
1.4,0.836660026534,7.75,0,0
1.4,0.836660026534,8.25,0,0
1.4,0.836660026534,8.75,0,0
1.4,0.836660026534,9.25,0,0
1.4,0.836660026534,9.75,0,0
1.4,0.836660026534,10.25,0,0
1.4,0.836660026534,10.75,0,0
1.4,0.836660026534,11.25,0,3.30263908802e+88
1.4,0.836660026534,11.75,0,2.83526889076e+89
1.4,0.836660026534,12.25,0,2.43403819451e+90
1.4,0.836660026534,12.75,0,2.08958732332e+91
1.4,0.836660026534,13.25,5.49344971652e+92,1.79388112793e+92
1.4,0.836660026534,13.75,0,1.54002154646e+93
1.4,0.836660026534,14.25,0,1.3220866905e+94
1.4,0.836660026534,14.75,0,1.13499270267e+95
1.4,0.836660026534,15.25,0,0
1.4,0.836660026534,15.75,0,0
1.4,0.836660026534,16.25,0,0
1.4,0.836660026534,16.75,0,0
1.4,0.836660026534,17.25,0,0
1.4,0.836660026534,17.75,0,0
1.4,0.836660026534,18.25,0,0
1.4,0.836660026534,18.75,0,0
1.4,0.836660026534,19.25,0,0
1.4,0.836660026534,19.75,0,0
1.4,0.836660026534,20.25,0,1.15175474539e+88
1.4,0.836660026534,20.75,0,9.88765139747e+88
1.4,0.836660026534,21.25,0,8.48840871279e+89
1.4,0.836660026534,21.75,0,7.28717868167e+90
1.4,0.836660026534,22.25,2.74672485826e+92,6.2559397097e+91
1.4,0.836660026534,22.75,0,5.37063565491e+92
1.4,0.836660026534,23.25,0,4.61061466002e+93
1.4,0.836660026534,23.75,0,3.95814739803e+94
1.4,0.836660026534,24.25,0,0
1.4,0.836660026534,24.75,0,0
1.4,0.836660026534,25.25,0,0
1.4,0.836660026534,25.75,0,0
1.4,0.836660026534,26.25,0,0
1.4,0.836660026534,26.75,0,0
1.4,0.836660026534,27.25,0,3.389558328e+88
1.4,0.836660026534,27.75,0,2.92468814248e+89
1.4,0.836660026534,28.25,0,2.52251841521e+90
1.4,0.836660026534,28.75,0,2.17476686259e+91
1.4,0.836660026534,29.25,8.24017457478e+92,1.87421641903e+92
1.4,0.836660026534,29.75,0,1.61458298282e+93
1.4,0.836660026534,30.25,0,1.39039880012e+94
1.4,0.836660026534,30.75,0,1.196909767e+95
1.4,0.836660026534,31.25,0,0
1.4,0.836660026534,31.75,0,0
1.4,0.836660026534,32.25,0,0
1.4,0.836660026534,32.75,0,0
1.4,0.836660026534,33.25,0,0
1.4,0.836660026534,33.75,0,0
1.4,0.836660026534,34.25,0,0
1.4,0.836660026534,34.75,0,0
1.4,0.836660026534,35.25,0,0
1.4,0.836660026534,35.75,0,0
1.4,0.836660026534,36.25,0,0
1.4,0.836660026534,36.75,0,0
1.4,0.836660026534,37.25,0,0
1.4,0.836660026534,37.75,0,2.85515015439e+88
1.4,0.836660026534,38.25,0,2.43968964491e+89
1.4,0.836660026534,38.75,0,2.08432461571e+90
1.4,0.836660026534,39.25,0,1.78043987755e+91
1.4,0.836660026534,39.75,1.0986899433e+93,1.52063888014e+92
1.4,0.836660026534,40.25,0,1.29857474761e+93
1.4,0.836660026534,40.75,0,1.10880404221e+94
1.4,0.836660026534,41.25,0,9.46660340329e+94
1.4,0.836660026534,41.75,0,0
1.4,0.836660026534,42.25,0,0
1.4,0.836660026534,42.75,0,0
1.4,0.836660026534,43.25,0,0
1.4,0.836660026534,43.75,0,2.04494197877e+89
1.4,0.836660026534,44.25,0,1.7794805655e+90
1.4,0.836660026534,44.75,0,1.54897772314e+91
1.4,0.836660026534,45.25,0,1.34924586323e+92
1.4,0.836660026534,45.75,4.12008728739e+93,1.17565792527e+93
1.4,0.836660026534,46.25,0,1.0250330734e+94
1.4,0.836660026534,46.75,0,8.94441296235e+94
1.4,0.836660026534,47.25,1.15362444047e+94,7.81413703434e+95
1.4,0.836660026534,47.75,4.75183400479e+94,5.02995226387e+94
1.4,0.836660026534,48.25,7.39418331843e+95,7.9676254892e+95
1.4,0.836660026534,48.75,1.11247850209e+97,1.29216899298e+97
1.4,0.836660026534,49.25,1.71461003207e+98,1.28538998168e+98
1.4,0.836660026534,49.75,2.5633337303e+99,1.8779562475e+99
1.45,0.851469318296,0.25,0,0
1.45,0.851469318296,0.75,0,0
1.45,0.851469318296,1.25,0,0
1.45,0.851469318296,1.75,0,0
1.45,0.851469318296,2.25,0,0
1.45,0.851469318296,2.75,0,0
1.45,0.851469318296,3.25,0,0
1.45,0.851469318296,3.75,0,0
1.45,0.851469318296,4.25,0,0
1.45,0.851469318296,4.75,0,0
1.45,0.851469318296,5.25,0,0
1.45,0.851469318296,5.75,0,0
1.45,0.851469318296,6.25,0,0
1.45,0.851469318296,6.75,0,0
1.45,0.851469318296,7.25,0,0
1.45,0.851469318296,7.75,0,0
1.45,0.851469318296,8.25,0,0
1.45,0.851469318296,8.75,0,0
1.45,0.851469318296,9.25,0,0
1.45,0.851469318296,9.75,0,0
1.45,0.851469318296,10.25,0,0
1.45,0.851469318296,10.75,0,0
1.45,0.851469318296,11.25,0,0
1.45,0.851469318296,11.75,0,0
1.45,0.851469318296,12.25,0,1.77443769959e+88
1.45,0.851469318296,12.75,0,1.52332963856e+89
1.45,0.851469318296,13.25,0,1.30775692393e+90
1.45,0.851469318296,13.75,1.37336242913e+92,1.12269080099e+91
1.45,0.851469318296,14.25,0,9.63814155028e+91
1.45,0.851469318296,14.75,0,8.27420804211e+92
1.45,0.851469318296,15.25,0,7.10329043903e+93
1.45,0.851469318296,15.75,0,6.09807425731e+94
1.45,0.851469318296,16.25,0,0
1.45,0.851469318296,16.75,0,0
1.45,0.851469318296,17.25,0,0
1.45,0.851469318296,17.75,0,0
1.45,0.851469318296,18.25,0,0
1.45,0.851469318296,18.75,0,0
1.45,0.851469318296,19.25,0,0
1.45,0.851469318296,19.75,0,0
1.45,0.851469318296,20.25,0,0
1.45,0.851469318296,20.75,0,0
1.45,0.851469318296,21.25,0,0
1.45,0.851469318296,21.75,0,0
1.45,0.851469318296,22.25,0,0
1.45,0.851469318296,22.75,0,0
1.45,0.851469318296,23.25,0,0
1.45,0.851469318296,23.75,0,0
1.45,0.851469318296,24.25,0,9.16635116115e+87
1.45,0.851469318296,24.75,0,7.86918267373e+88
1.45,0.851469318296,25.25,0,6.75558189555e+89
1.45,0.851469318296,25.75,0,5.79957139638e+90
1.45,0.851469318296,26.25,1.37336242913e+92,4.97884992023e+91
1.45,0.851469318296,26.75,0,4.2742721546e+92
1.45,0.851469318296,27.25,0,3.66940211982e+93
1.45,0.851469318296,27.75,0,3.1501297601e+94
1.45,0.851469318296,28.25,0,0
1.45,0.851469318296,28.75,0,0
1.45,0.851469318296,29.25,0,0
1.45,0.851469318296,29.75,0,0
1.45,0.851469318296,30.25,0,0
1.45,0.851469318296,30.75,0,0
1.45,0.851469318296,31.25,0,0
1.45,0.851469318296,31.75,0,0
1.45,0.851469318296,32.25,0,0
1.45,0.851469318296,32.75,0,0
1.45,0.851469318296,33.25,0,0
1.45,0.851469318296,33.75,0,0
1.45,0.851469318296,34.25,0,0
1.45,0.851469318296,34.75,0,0
1.45,0.851469318296,35.25,0,0
1.45,0.851469318296,35.75,0,0
1.45,0.851469318296,36.25,0,0
1.45,0.851469318296,36.75,0,0
1.45,0.851469318296,37.25,0,6.51460365823e+88
1.45,0.851469318296,37.75,0,5.55821903617e+89
1.45,0.851469318296,38.25,0,4.74294025842e+90
1.45,0.851469318296,38.75,0,4.04785085489e+91
1.45,0.851469318296,39.25,9.61353700391e+92,3.45514707257e+92
1.45,0.851469318296,39.75,0,2.94967342452e+93
1.45,0.851469318296,40.25,0,2.51852758745e+94
1.45,0.851469318296,40.75,0,2.15072431518e+95
1.45,0.851469318296,41.25,0,0
1.45,0.851469318296,41.75,0,0
1.45,0.851469318296,42.25,0,0
1.45,0.851469318296,42.75,0,0
1.45,0.851469318296,43.25,0,0
1.45,0.851469318296,43.75,0,1.11459856697e+89
1.45,0.851469318296,44.25,0,1.20507520295e+90
1.45,0.851469318296,44.75,0,1.04550584532e+91
1.45,0.851469318296,45.25,0,9.03695784241e+91
1.45,0.851469318296,45.75,5.08144098778e+93,7.81414165724e+92
1.45,0.851469318296,46.25,0,6.7598123006e+93
1.45,0.851469318296,46.75,9.61353700391e+92,5.85058240519e+94
1.45,0.851469318296,47.25,5.49344971652e+92,5.06701460175e+95
1.45,0.851469318296,47.75,2.41711787527e+94,1.10876043073e+96
1.45,0.851469318296,48.25,3.72730563266e+95,4.29644927572e+95
1.45,0.851469318296,48.75,5.48246281709e+96,3.76977567494e+96
1.45,0.851469318296,49.25,8.56475505128e+97,6.24207853663e+97
1.45,0.851469318296,49.75,1.28182768589e+99,1.01439002977e+99
1.5,0.866025403784,0.25,0,0
1.5,0.866025403784,0.75,0,0
1.5,0.866025403784,1.25,0,0
1.5,0.866025403784,1.75,0,0
1.5,0.866025403784,2.25,0,0
1.5,0.866025403784,2.75,0,0
1.5,0.866025403784,3.25,0,0
1.5,0.866025403784,3.75,0,0
1.5,0.866025403784,4.25,0,0
1.5,0.866025403784,4.75,0,0
1.5,0.866025403784,5.25,0,0
1.5,0.866025403784,5.75,0,0
1.5,0.866025403784,6.25,0,0
1.5,0.866025403784,6.75,0,0
1.5,0.866025403784,7.25,0,0
1.5,0.866025403784,7.75,0,0
1.5,0.866025403784,8.25,0,0
1.5,0.866025403784,8.75,0,0
1.5,0.866025403784,9.25,0,0
1.5,0.866025403784,9.75,0,0
1.5,0.866025403784,10.25,0,0
1.5,0.866025403784,10.75,0,0
1.5,0.866025403784,11.25,0,0
1.5,0.866025403784,11.75,0,0
1.5,0.866025403784,12.25,0,0
1.5,0.866025403784,12.75,0,0
1.5,0.866025403784,13.25,0,0
1.5,0.866025403784,13.75,0,0
1.5,0.866025403784,14.25,0,0
1.5,0.866025403784,14.75,0,0
1.5,0.866025403784,15.25,0,0
1.5,0.866025403784,15.75,0,0
1.5,0.866025403784,16.25,0,0
1.5,0.866025403784,16.75,0,0
1.5,0.866025403784,17.25,0,0
1.5,0.866025403784,17.75,0,3.48907524455e+88
1.5,0.866025403784,18.25,0,2.99532169115e+89
1.5,0.866025403784,18.75,0,2.57144125725e+90
1.5,0.866025403784,19.25,2.03461100612e+92,2.20754590702e+91
1.5,0.866025403784,19.75,0,1.8951469017e+92
1.5,0.866025403784,20.25,0,1.6269567793e+93
1.5,0.866025403784,20.75,0,1.39671935686e+94
1.5,0.866025403784,21.25,0,1.19906378992e+95
1.5,0.866025403784,21.75,0,0
1.5,0.866025403784,22.25,0,0
1.5,0.866025403784,22.75,0,0
1.5,0.866025403784,23.25,0,0
1.5,0.866025403784,23.75,0,0
1.5,0.866025403784,24.25,0,0
1.5,0.866025403784,24.75,0,0
1.5,0.866025403784,25.25,0,0
1.5,0.866025403784,25.75,0,0
1.5,0.866025403784,26.25,0,0
1.5,0.866025403784,26.75,0,0
1.5,0.866025403784,27.25,0,0
1.5,0.866025403784,27.75,0,0
1.5,0.866025403784,28.25,0,0
1.5,0.866025403784,28.75,0,0
1.5,0.866025403784,29.25,0,0
1.5,0.866025403784,29.75,0,0
1.5,0.866025403784,30.25,0,0
1.5,0.866025403784,30.75,0,0
1.5,0.866025403784,31.25,0,0
1.5,0.866025403784,31.75,0,0
1.5,0.866025403784,32.25,0,0
1.5,0.866025403784,32.75,0,0
1.5,0.866025403784,33.25,0,0
1.5,0.866025403784,33.75,0,0
1.5,0.866025403784,34.25,0,0
1.5,0.866025403784,34.75,0,0
1.5,0.866025403784,35.25,0,0
1.5,0.866025403784,35.75,0,0
1.5,0.866025403784,36.25,0,0
1.5,0.866025403784,36.75,0,0
1.5,0.866025403784,37.25,0,0
1.5,0.866025403784,37.75,0,0
1.5,0.866025403784,38.25,0,0
1.5,0.866025403784,38.75,0,0
1.5,0.866025403784,39.25,0,0
1.5,0.866025403784,39.75,0,0
1.5,0.866025403784,40.25,0,0
1.5,0.866025403784,40.75,0,0
1.5,0.866025403784,41.25,0,0
1.5,0.866025403784,41.75,0,0
1.5,0.866025403784,42.25,0,0
1.5,0.866025403784,42.75,0,0
1.5,0.866025403784,43.25,0,0
1.5,0.866025403784,43.75,0,0
1.5,0.866025403784,44.25,0,0
1.5,0.866025403784,44.75,0,0
1.5,0.866025403784,45.25,0,0
1.5,0.866025403784,45.75,0,2.01632879215e+87
1.5,0.866025403784,46.25,0,1.57748324337e+89
1.5,0.866025403784,46.75,0,4.76674036359e+90
1.5,0.866025403784,47.25,0,1.11046268706e+92
1.5,0.866025403784,47.75,4.88306641468e+93,2.33985735817e+93
1.5,0.866025403784,48.25,8.90752698478e+94,4.50185083482e+94
1.5,0.866025403784,48.75,1.50695498779e+96,8.4159696286e+95
1.5,0.866025403784,49.25,2.40469454046e+97,1.61582819714e+97
1.5,0.866025403784,49.75,3.81274139034e+98,2.82563660859e+98
1.55,0.880340843083,0.25,0,0
1.55,0.880340843083,0.75,0,0
1.55,0.880340843083,1.25,0,0
1.55,0.880340843083,1.75,0,0
1.55,0.880340843083,2.25,0,0
1.55,0.880340843083,2.75,0,0
1.55,0.880340843083,3.25,0,0
1.55,0.880340843083,3.75,0,0
1.55,0.880340843083,4.25,0,0
1.55,0.880340843083,4.75,0,0
1.55,0.880340843083,5.25,0,0
1.55,0.880340843083,5.75,0,0
1.55,0.880340843083,6.25,0,0
1.55,0.880340843083,6.75,0,0
1.55,0.880340843083,7.25,0,0
1.55,0.880340843083,7.75,0,0
1.55,0.880340843083,8.25,0,1.1397401021e+88
1.55,0.880340843083,8.75,0,9.78450738613e+88
1.55,0.880340843083,9.25,0,8.39986103961e+89
1.55,0.880340843083,9.75,0,7.2111617581e+90
1.55,0.880340843083,10.25,1.69029222047e+92,6.19068025725e+91
1.55,0.880340843083,10.75,0,5.31461133907e+92
1.55,0.880340843083,11.25,0,4.56251857819e+93
1.55,0.880340843083,11.75,0,3.91685759283e+94
1.55,0.880340843083,12.25,0,0
1.55,0.880340843083,12.75,0,0
1.55,0.880340843083,13.25,0,0
1.55,0.880340843083,13.75,0,0
1.55,0.880340843083,14.25,0,0
1.55,0.880340843083,14.75,0,0
1.55,0.880340843083,15.25,0,0
1.55,0.880340843083,15.75,0,0
1.55,0.880340843083,16.25,0,0
1.55,0.880340843083,16.75,0,0
1.55,0.880340843083,17.25,0,0
1.55,0.880340843083,17.75,0,0
1.55,0.880340843083,18.25,0,0
1.55,0.880340843083,18.75,0,0
1.55,0.880340843083,19.25,0,0
1.55,0.880340843083,19.75,0,0
1.55,0.880340843083,20.25,0,0
1.55,0.880340843083,20.75,0,0
1.55,0.880340843083,21.25,0,0
1.55,0.880340843083,21.75,0,0
1.55,0.880340843083,22.25,0,0
1.55,0.880340843083,22.75,0,0
1.55,0.880340843083,23.25,0,0
1.55,0.880340843083,23.75,0,0
1.55,0.880340843083,24.25,0,0
1.55,0.880340843083,24.75,0,0
1.55,0.880340843083,25.25,0,0
1.55,0.880340843083,25.75,0,0
1.55,0.880340843083,26.25,0,0
1.55,0.880340843083,26.75,0,0
1.55,0.880340843083,27.25,0,0
1.55,0.880340843083,27.75,0,0
1.55,0.880340843083,28.25,0,0
1.55,0.880340843083,28.75,0,0
1.55,0.880340843083,29.25,0,0
1.55,0.880340843083,29.75,0,3.49643938793e+88
1.55,0.880340843083,30.25,0,3.00164370397e+89
1.55,0.880340843083,30.75,0,2.57686861573e+90
1.55,0.880340843083,31.25,3.38058444093e+92,2.21220521742e+91
1.55,0.880340843083,31.75,0,1.89914685371e+92
1.55,0.880340843083,32.25,0,1.63039068145e+93
1.55,0.880340843083,32.75,0,1.39966731323e+94
1.55,0.880340843083,33.25,0,1.20159456873e+95
1.55,0.880340843083,33.75,0,0
1.55,0.880340843083,34.25,0,0
1.55,0.880340843083,34.75,0,0
1.55,0.880340843083,35.25,0,0
1.55,0.880340843083,35.75,0,0
1.55,0.880340843083,36.25,0,0
1.55,0.880340843083,36.75,0,0
1.55,0.880340843083,37.25,0,0
1.55,0.880340843083,37.75,0,0
1.55,0.880340843083,38.25,0,0
1.55,0.880340843083,38.75,0,0
1.55,0.880340843083,39.25,0,0
1.55,0.880340843083,39.75,0,0
1.55,0.880340843083,40.25,0,0
1.55,0.880340843083,40.75,0,0
1.55,0.880340843083,41.25,0,0
1.55,0.880340843083,41.75,0,0
1.55,0.880340843083,42.25,0,0
1.55,0.880340843083,42.75,0,0
1.55,0.880340843083,43.25,0,0
1.55,0.880340843083,43.75,0,0
1.55,0.880340843083,44.25,0,0
1.55,0.880340843083,44.75,0,0
1.55,0.880340843083,45.25,0,1.33340037471e+87
1.55,0.880340843083,45.75,0,2.78553015404e+88
1.55,0.880340843083,46.25,0,6.0781045342e+89
1.55,0.880340843083,46.75,0,1.31945835901e+91
1.55,0.880340843083,47.25,2.5354383307e+92,2.68704488538e+92
1.55,0.880340843083,47.75,1.20010747653e+94,5.32890915207e+93
1.55,0.880340843083,48.25,1.74100098708e+95,1.01923893386e+95
1.55,0.880340843083,48.75,2.91516247803e+96,1.94789874936e+96
1.55,0.880340843083,49.25,4.84583960663e+97,3.70642194243e+97
1.55,0.880340843083,49.75,7.93585689884e+98,6.09199633716e+98
1.6,0.894427191,0.25,0,0
1.6,0.894427191,0.75,0,0
1.6,0.894427191,1.25,0,0
1.6,0.894427191,1.75,0,0
1.6,0.894427191,2.25,0,0
1.6,0.894427191,2.75,0,0
1.6,0.894427191,3.25,0,0
1.6,0.894427191,3.75,0,0
1.6,0.894427191,4.25,0,0
1.6,0.894427191,4.75,0,0
1.6,0.894427191,5.25,0,0
1.6,0.894427191,5.75,0,0
1.6,0.894427191,6.25,0,0
1.6,0.894427191,6.75,0,0
1.6,0.894427191,7.25,0,0
1.6,0.894427191,7.75,0,0
1.6,0.894427191,8.25,0,2.46943688789e+88
1.6,0.894427191,8.75,0,2.11997660033e+89
1.6,0.894427191,9.25,0,1.81996989192e+90
1.6,0.894427191,9.75,0,1.56241838092e+91
1.6,0.894427191,10.25,3.66229981101e+92,1.34131405574e+92
1.6,0.894427191,10.75,0,1.15149912346e+93
1.6,0.894427191,11.25,0,9.88545691942e+93
1.6,0.894427191,11.75,0,8.48652478446e+94
1.6,0.894427191,12.25,0,0
1.6,0.894427191,12.75,0,0
1.6,0.894427191,13.25,0,0
1.6,0.894427191,13.75,0,0
1.6,0.894427191,14.25,0,0
1.6,0.894427191,14.75,0,0
1.6,0.894427191,15.25,0,0
1.6,0.894427191,15.75,0,0
1.6,0.894427191,16.25,0,0
1.6,0.894427191,16.75,0,0
1.6,0.894427191,17.25,0,0
1.6,0.894427191,17.75,0,0
1.6,0.894427191,18.25,0,0
1.6,0.894427191,18.75,0,0
1.6,0.894427191,19.25,0,0
1.6,0.894427191,19.75,0,0
1.6,0.894427191,20.25,0,0
1.6,0.894427191,20.75,0,0
1.6,0.894427191,21.25,0,0
1.6,0.894427191,21.75,0,1.90522617751e+89
1.6,0.894427191,22.25,0,1.62834121151e+90
1.6,0.894427191,22.75,0,1.39346790994e+91
1.6,0.894427191,23.25,1.28180493385e+93,1.19393532498e+92
1.6,0.894427191,23.75,0,1.02417507041e+93
1.6,0.894427191,24.25,0,8.795341676e+93
1.6,0.894427191,24.75,0,7.56119870788e+94
1.6,0.894427191,25.25,0,6.50671116231e+95
1.6,0.894427191,25.75,0,0
1.6,0.894427191,26.25,0,0
1.6,0.894427191,26.75,0,0
1.6,0.894427191,27.25,0,0
1.6,0.894427191,27.75,0,0
1.6,0.894427191,28.25,0,0
1.6,0.894427191,28.75,0,0
1.6,0.894427191,29.25,0,0
1.6,0.894427191,29.75,0,0
1.6,0.894427191,30.25,0,0
1.6,0.894427191,30.75,0,0
1.6,0.894427191,31.25,0,0
1.6,0.894427191,31.75,0,0
1.6,0.894427191,32.25,0,0
1.6,0.894427191,32.75,0,0
1.6,0.894427191,33.25,0,0
1.6,0.894427191,33.75,0,0
1.6,0.894427191,34.25,0,5.01299404609e+88
1.6,0.894427191,34.75,0,4.40297990058e+89
1.6,0.894427191,35.25,0,3.86445680598e+90
1.6,0.894427191,35.75,0,3.38948555309e+91
1.6,0.894427191,36.25,9.15574952753e+92,2.97093834481e+92
1.6,0.894427191,36.75,0,2.60242717999e+93
1.6,0.894427191,37.25,0,2.27823668241e+94
1.6,0.894427191,37.75,0,1.99326143925e+95
1.6,0.894427191,38.25,0,5.25430886447e+88
1.6,0.894427191,38.75,0,4.55926546433e+89
1.6,0.894427191,39.25,0,3.95194417889e+90
1.6,0.894427191,39.75,0,3.42195870702e+91
1.6,0.894427191,40.25,1.64803491496e+93,2.96004124138e+92
1.6,0.894427191,40.75,0,2.55794026754e+93
1.6,0.894427191,41.25,0,2.20832459775e+94
1.6,0.894427191,41.75,0,1.90469407607e+95
1.6,0.894427191,42.25,0,3.12580612705e+89
1.6,0.894427191,42.75,0,2.66075757716e+90
1.6,0.894427191,43.25,0,2.26369037519e+91
1.6,0.894427191,43.75,1.0986899433e+93,1.92488260978e+92
1.6,0.894427191,44.25,0,1.6359631776e+93
1.6,0.894427191,44.75,0,1.3897435973e+94
1.6,0.894427191,45.25,0,1.1800118046e+95
1.6,0.894427191,45.75,0,3.07756993408e+95
1.6,0.894427191,46.25,1.28180493385e+93,8.28236981876e+91
1.6,0.894427191,46.75,1.64803491496e+93,7.20543793542e+92
1.6,0.894427191,47.25,5.49344971652e+92,6.62984530492e+93
1.6,0.894427191,47.75,1.64803491496e+94,6.65523005523e+94
1.6,0.894427191,48.25,3.30888787925e+95,7.84683536879e+95
1.6,0.894427191,48.75,5.97174607184e+96,8.10522107805e+96
1.6,0.894427191,49.25,1.01766522228e+98,6.23679904291e+97
1.6,0.894427191,49.75,1.72305547855e+99,1.2954562352e+99
1.65,0.908295106229,0.25,0,0
1.65,0.908295106229,0.75,0,0
1.65,0.908295106229,1.25,0,0
1.65,0.908295106229,1.75,0,0
1.65,0.908295106229,2.25,0,0
1.65,0.908295106229,2.75,0,0
1.65,0.908295106229,3.25,0,0
1.65,0.908295106229,3.75,0,0
1.65,0.908295106229,4.25,0,0
1.65,0.908295106229,4.75,0,0
1.65,0.908295106229,5.25,0,0
1.65,0.908295106229,5.75,0,0
1.65,0.908295106229,6.25,0,0
1.65,0.908295106229,6.75,0,0
1.65,0.908295106229,7.25,0,0
1.65,0.908295106229,7.75,0,0
1.65,0.908295106229,8.25,0,4.79952706009e+89
1.65,0.908295106229,8.75,0,3.8513808416e+90
1.65,0.908295106229,9.25,0,3.0736583491e+91
1.65,0.908295106229,9.75,0,2.44085516355e+92
1.65,0.908295106229,10.25,5.49344971652e+93,1.92986137491e+93
1.65,0.908295106229,10.75,0,1.52014557946e+94
1.65,0.908295106229,11.25,0,1.19377900969e+95
1.65,0.908295106229,11.75,0,9.35348703854e+95
1.65,0.908295106229,12.25,0,0
1.65,0.908295106229,12.75,0,0
1.65,0.908295106229,13.25,0,0
1.65,0.908295106229,13.75,0,0
1.65,0.908295106229,14.25,0,0
1.65,0.908295106229,14.75,0,0
1.65,0.908295106229,15.25,0,0
1.65,0.908295106229,15.75,0,0
1.65,0.908295106229,16.25,0,0
1.65,0.908295106229,16.75,0,0
1.65,0.908295106229,17.25,0,0
1.65,0.908295106229,17.75,0,0
1.65,0.908295106229,18.25,0,0
1.65,0.908295106229,18.75,0,0
1.65,0.908295106229,19.25,0,0
1.65,0.908295106229,19.75,0,0
1.65,0.908295106229,20.25,0,0
1.65,0.908295106229,20.75,0,0
1.65,0.908295106229,21.25,0,0
1.65,0.908295106229,21.75,0,0
1.65,0.908295106229,22.25,0,0
1.65,0.908295106229,22.75,0,0
1.65,0.908295106229,23.25,0,0
1.65,0.908295106229,23.75,0,0
1.65,0.908295106229,24.25,0,0
1.65,0.908295106229,24.75,0,0
1.65,0.908295106229,25.25,0,0
1.65,0.908295106229,25.75,0,0
1.65,0.908295106229,26.25,0,0
1.65,0.908295106229,26.75,0,0
1.65,0.908295106229,27.25,0,0
1.65,0.908295106229,27.75,0,0
1.65,0.908295106229,28.25,0,0
1.65,0.908295106229,28.75,0,0
1.65,0.908295106229,29.25,0,0
1.65,0.908295106229,29.75,0,0
1.65,0.908295106229,30.25,0,0
1.65,0.908295106229,30.75,0,0
1.65,0.908295106229,31.25,0,0
1.65,0.908295106229,31.75,0,0
1.65,0.908295106229,32.25,0,0
1.65,0.908295106229,32.75,0,0
1.65,0.908295106229,33.25,0,0
1.65,0.908295106229,33.75,0,0
1.65,0.908295106229,34.25,0,0
1.65,0.908295106229,34.75,0,0
1.65,0.908295106229,35.25,0,0
1.65,0.908295106229,35.75,0,0
1.65,0.908295106229,36.25,0,0
1.65,0.908295106229,36.75,0,0
1.65,0.908295106229,37.25,0,0
1.65,0.908295106229,37.75,0,0
1.65,0.908295106229,38.25,0,0
1.65,0.908295106229,38.75,0,0
1.65,0.908295106229,39.25,0,0
1.65,0.908295106229,39.75,0,0
1.65,0.908295106229,40.25,0,0
1.65,0.908295106229,40.75,0,0
1.65,0.908295106229,41.25,0,0
1.65,0.908295106229,41.75,0,0
1.65,0.908295106229,42.25,0,0
1.65,0.908295106229,42.75,0,0
1.65,0.908295106229,43.25,0,0
1.65,0.908295106229,43.75,0,7.12011711168e+90
1.65,0.908295106229,44.25,0,4.70078476755e+91
1.65,0.908295106229,44.75,0,3.09962943608e+92
1.65,0.908295106229,45.25,1.64803491496e+94,2.04134839665e+93
1.65,0.908295106229,45.75,0,1.34278509196e+94
1.65,0.908295106229,46.25,0,8.82322789977e+94
1.65,0.908295106229,46.75,0,5.79110683707e+95
1.65,0.908295106229,47.25,9.88820948973e+93,3.79803080045e+96
1.65,0.908295106229,47.75,8.89938854076e+94,6.03200627307e+94
1.65,0.908295106229,48.25,1.39863229783e+96,1.32163735454e+96
1.65,0.908295106229,48.75,2.94767524889e+97,2.96777190754e+97
1.65,0.908295106229,49.25,5.62692955773e+98,3.29800091456e+98
1.65,0.908295106229,49.75,1.03932102366e+100,6.32034812567e+99
1.7,0.921954445729,0.25,nan,nan
1.7,0.921954445729,0.75,nan,nan
1.7,0.921954445729,1.25,nan,nan
1.7,0.921954445729,1.75,nan,nan
1.7,0.921954445729,2.25,nan,nan
1.7,0.921954445729,2.75,nan,nan
1.7,0.921954445729,3.25,nan,nan
1.7,0.921954445729,3.75,nan,nan
1.7,0.921954445729,4.25,nan,nan
1.7,0.921954445729,4.75,nan,nan
1.7,0.921954445729,5.25,nan,nan
1.7,0.921954445729,5.75,nan,nan
1.7,0.921954445729,6.25,nan,nan
1.7,0.921954445729,6.75,nan,nan
1.7,0.921954445729,7.25,nan,nan
1.7,0.921954445729,7.75,nan,nan
1.7,0.921954445729,8.25,nan,inf
1.7,0.921954445729,8.75,nan,inf
1.7,0.921954445729,9.25,nan,inf
1.7,0.921954445729,9.75,nan,inf
1.7,0.921954445729,10.25,inf,inf
1.7,0.921954445729,10.75,nan,inf
1.7,0.921954445729,11.25,nan,inf
1.7,0.921954445729,11.75,nan,inf
1.7,0.921954445729,12.25,nan,nan
1.7,0.921954445729,12.75,nan,nan
1.7,0.921954445729,13.25,nan,nan
1.7,0.921954445729,13.75,nan,inf
1.7,0.921954445729,14.25,nan,inf
1.7,0.921954445729,14.75,nan,inf
1.7,0.921954445729,15.25,nan,inf
1.7,0.921954445729,15.75,inf,inf
1.7,0.921954445729,16.25,nan,inf
1.7,0.921954445729,16.75,nan,inf
1.7,0.921954445729,17.25,nan,inf
1.7,0.921954445729,17.75,nan,inf
1.7,0.921954445729,18.25,nan,inf
1.7,0.921954445729,18.75,inf,inf
1.7,0.921954445729,19.25,nan,inf
1.7,0.921954445729,19.75,nan,inf
1.7,0.921954445729,20.25,nan,inf
1.7,0.921954445729,20.75,nan,inf
1.7,0.921954445729,21.25,nan,inf
1.7,0.921954445729,21.75,nan,inf
1.7,0.921954445729,22.25,inf,inf
1.7,0.921954445729,22.75,nan,inf
1.7,0.921954445729,23.25,nan,inf
1.7,0.921954445729,23.75,nan,inf
1.7,0.921954445729,24.25,nan,nan
1.7,0.921954445729,24.75,nan,nan
1.7,0.921954445729,25.25,nan,nan
1.7,0.921954445729,25.75,nan,nan
1.7,0.921954445729,26.25,nan,nan
1.7,0.921954445729,26.75,nan,nan
1.7,0.921954445729,27.25,nan,nan
1.7,0.921954445729,27.75,nan,nan
1.7,0.921954445729,28.25,nan,nan
1.7,0.921954445729,28.75,nan,nan
1.7,0.921954445729,29.25,nan,nan
1.7,0.921954445729,29.75,nan,nan
1.7,0.921954445729,30.25,nan,nan
1.7,0.921954445729,30.75,nan,nan
1.7,0.921954445729,31.25,nan,nan
1.7,0.921954445729,31.75,nan,inf
1.7,0.921954445729,32.25,nan,inf
1.7,0.921954445729,32.75,nan,inf
1.7,0.921954445729,33.25,nan,inf
1.7,0.921954445729,33.75,inf,inf
1.7,0.921954445729,34.25,nan,inf
1.7,0.921954445729,34.75,nan,inf
1.7,0.921954445729,35.25,nan,inf
1.7,0.921954445729,35.75,nan,nan
1.7,0.921954445729,36.25,nan,nan
1.7,0.921954445729,36.75,nan,nan
1.7,0.921954445729,37.25,nan,nan
1.7,0.921954445729,37.75,nan,inf
1.7,0.921954445729,38.25,nan,inf
1.7,0.921954445729,38.75,nan,inf
1.7,0.921954445729,39.25,nan,inf
1.7,0.921954445729,39.75,inf,inf
1.7,0.921954445729,40.25,nan,inf
1.7,0.921954445729,40.75,nan,inf
1.7,0.921954445729,41.25,nan,inf
1.7,0.921954445729,41.75,nan,nan
1.7,0.921954445729,42.25,nan,nan
1.7,0.921954445729,42.75,nan,nan
1.7,0.921954445729,43.25,nan,nan
1.7,0.921954445729,43.75,nan,nan
1.7,0.921954445729,44.25,nan,inf
1.7,0.921954445729,44.75,nan,inf
1.7,0.921954445729,45.25,nan,inf
1.7,0.921954445729,45.75,inf,inf
1.7,0.921954445729,46.25,inf,inf
1.7,0.921954445729,46.75,nan,inf
1.7,0.921954445729,47.25,inf,inf
1.7,0.921954445729,47.75,inf,inf
1.7,0.921954445729,48.25,inf,inf
1.7,0.921954445729,48.75,inf,inf
1.7,0.921954445729,49.25,inf,inf
1.7,0.921954445729,49.75,inf,inf
1.75,0.935414346693,0.25,0,0
1.75,0.935414346693,0.75,0,0
1.75,0.935414346693,1.25,0,0
1.75,0.935414346693,1.75,0,0
1.75,0.935414346693,2.25,0,0
1.75,0.935414346693,2.75,0,0
1.75,0.935414346693,3.25,0,0
1.75,0.935414346693,3.75,0,0
1.75,0.935414346693,4.25,0,0
1.75,0.935414346693,4.75,0,0
1.75,0.935414346693,5.25,0,0
1.75,0.935414346693,5.75,0,0
1.75,0.935414346693,6.25,0,0
1.75,0.935414346693,6.75,0,0
1.75,0.935414346693,7.25,0,0
1.75,0.935414346693,7.75,0,0
1.75,0.935414346693,8.25,0,1.54852098981e+89
1.75,0.935414346693,8.75,0,1.31774093464e+90
1.75,0.935414346693,9.25,0,1.11768304391e+91
1.75,0.935414346693,9.75,0,9.45330859505e+91
1.75,0.935414346693,10.25,2.19737988661e+93,7.97641030866e+92
1.75,0.935414346693,10.75,0,6.71668206391e+93
1.75,0.935414346693,11.25,0,5.64645693431e+94
1.75,0.935414346693,11.75,0,4.74032456993e+95
1.75,0.935414346693,12.25,0,0
1.75,0.935414346693,12.75,0,0
1.75,0.935414346693,13.25,0,0
1.75,0.935414346693,13.75,0,0
1.75,0.935414346693,14.25,0,0
1.75,0.935414346693,14.75,0,0
1.75,0.935414346693,15.25,0,0
1.75,0.935414346693,15.75,0,0
1.75,0.935414346693,16.25,0,0
1.75,0.935414346693,16.75,0,0
1.75,0.935414346693,17.25,0,0
1.75,0.935414346693,17.75,0,0
1.75,0.935414346693,18.25,0,0
1.75,0.935414346693,18.75,0,0
1.75,0.935414346693,19.25,0,0
1.75,0.935414346693,19.75,0,0
1.75,0.935414346693,20.25,0,0
1.75,0.935414346693,20.75,0,0
1.75,0.935414346693,21.25,0,0
1.75,0.935414346693,21.75,0,1.34668688106e+89
1.75,0.935414346693,22.25,0,1.14261164657e+90
1.75,0.935414346693,22.75,0,9.68482832778e+90
1.75,0.935414346693,23.25,0,8.20097614008e+91
1.75,0.935414346693,23.75,2.19737988661e+93,6.93804913e+92
1.75,0.935414346693,24.25,0,5.8644074642e+93
1.75,0.935414346693,24.75,0,4.95269481445e+94
1.75,0.935414346693,25.25,0,4.17930854534e+95
1.75,0.935414346693,25.75,0,1.12141692398e+89
1.75,0.935414346693,26.25,0,9.53073743709e+89
1.75,0.935414346693,26.75,0,8.09414002271e+90
1.75,0.935414346693,27.25,0,6.86928292737e+91
1.75,0.935414346693,27.75,4.39475977322e+93,5.82585426459e+92
1.75,0.935414346693,28.25,0,4.93771246584e+93
1.75,0.935414346693,28.75,0,4.18234486465e+94
1.75,0.935414346693,29.25,0,3.54039023349e+95
1.75,0.935414346693,29.75,0,0
1.75,0.935414346693,30.25,0,0
1.75,0.935414346693,30.75,0,0
1.75,0.935414346693,31.25,0,0
1.75,0.935414346693,31.75,0,0
1.75,0.935414346693,32.25,0,0
1.75,0.935414346693,32.75,0,0
1.75,0.935414346693,33.25,0,0
1.75,0.935414346693,33.75,0,0
1.75,0.935414346693,34.25,0,0
1.75,0.935414346693,34.75,0,0
1.75,0.935414346693,35.25,0,0
1.75,0.935414346693,35.75,0,0
1.75,0.935414346693,36.25,0,0
1.75,0.935414346693,36.75,0,0
1.75,0.935414346693,37.25,0,0
1.75,0.935414346693,37.75,0,0
1.75,0.935414346693,38.25,0,1.95388006592e+89
1.75,0.935414346693,38.75,0,1.63996163133e+90
1.75,0.935414346693,39.25,0,1.37602031731e+91
1.75,0.935414346693,39.75,1.0986899433e+93,1.15418397673e+92
1.75,0.935414346693,40.25,0,9.67804851372e+92
1.75,0.935414346693,40.75,0,8.11272027968e+93
1.75,0.935414346693,41.25,0,6.79852082622e+94
1.75,0.935414346693,41.75,0,5.69553777629e+95
1.75,0.935414346693,42.25,0,0
1.75,0.935414346693,42.75,0,2.42461482212e+90
1.75,0.935414346693,43.25,0,2.04503173614e+91
1.75,0.935414346693,43.75,0,1.72403517666e+92
1.75,0.935414346693,44.25,1.31842793196e+94,1.45275044759e+93
1.75,0.935414346693,44.75,0,1.2236147662e+94
1.75,0.935414346693,45.25,0,1.03018942228e+95
1.75,0.935414346693,45.75,0,8.66997713779e+95
1.75,0.935414346693,46.25,0,7.29385393096e+96
1.75,0.935414346693,46.75,0,2.82624863579e+91
1.75,0.935414346693,47.25,0,8.59471503615e+92
1.75,0.935414346693,47.75,4.94410474487e+94,2.28367864424e+94
1.75,0.935414346693,48.25,1.2052628678e+96,5.44719706528e+95
1.75,0.935414346693,48.75,2.64103088571e+97,1.24974279453e+97
1.75,0.935414346693,49.25,5.2224358682e+98,2.93393374498e+98
1.75,0.935414346693,49.75,1.0436967761e+100,7.11668876957e+99
1.8,0.948683298051,0.25,nan,nan
1.8,0.948683298051,0.75,nan,nan
1.8,0.948683298051,1.25,nan,nan
1.8,0.948683298051,1.75,nan,nan
1.8,0.948683298051,2.25,nan,nan
1.8,0.948683298051,2.75,nan,nan
1.8,0.948683298051,3.25,nan,nan
1.8,0.948683298051,3.75,nan,nan
1.8,0.948683298051,4.25,nan,nan
1.8,0.948683298051,4.75,nan,nan
1.8,0.948683298051,5.25,nan,nan
1.8,0.948683298051,5.75,nan,nan
1.8,0.948683298051,6.25,nan,nan
1.8,0.948683298051,6.75,nan,nan
1.8,0.948683298051,7.25,nan,nan
1.8,0.948683298051,7.75,nan,nan
1.8,0.948683298051,8.25,nan,inf
1.8,0.948683298051,8.75,nan,inf
1.8,0.948683298051,9.25,nan,inf
1.8,0.948683298051,9.75,nan,inf
1.8,0.948683298051,10.25,inf,inf
1.8,0.948683298051,10.75,nan,inf
1.8,0.948683298051,11.25,nan,inf
1.8,0.948683298051,11.75,nan,inf
1.8,0.948683298051,12.25,nan,nan
1.8,0.948683298051,12.75,nan,nan
1.8,0.948683298051,13.25,nan,nan
1.8,0.948683298051,13.75,nan,nan
1.8,0.948683298051,14.25,nan,nan
1.8,0.948683298051,14.75,nan,nan
1.8,0.948683298051,15.25,nan,nan
1.8,0.948683298051,15.75,nan,nan
1.8,0.948683298051,16.25,nan,nan
1.8,0.948683298051,16.75,nan,nan
1.8,0.948683298051,17.25,nan,nan
1.8,0.948683298051,17.75,nan,nan
1.8,0.948683298051,18.25,nan,nan
1.8,0.948683298051,18.75,nan,nan
1.8,0.948683298051,19.25,nan,nan
1.8,0.948683298051,19.75,nan,nan
1.8,0.948683298051,20.25,nan,nan
1.8,0.948683298051,20.75,nan,nan
1.8,0.948683298051,21.25,nan,nan
1.8,0.948683298051,21.75,nan,nan
1.8,0.948683298051,22.25,nan,nan
1.8,0.948683298051,22.75,nan,nan
1.8,0.948683298051,23.25,nan,nan
1.8,0.948683298051,23.75,nan,nan
1.8,0.948683298051,24.25,nan,nan
1.8,0.948683298051,24.75,nan,nan
1.8,0.948683298051,25.25,nan,nan
1.8,0.948683298051,25.75,nan,nan
1.8,0.948683298051,26.25,nan,nan
1.8,0.948683298051,26.75,nan,nan
1.8,0.948683298051,27.25,nan,nan
1.8,0.948683298051,27.75,nan,nan
1.8,0.948683298051,28.25,nan,nan
1.8,0.948683298051,28.75,nan,nan
1.8,0.948683298051,29.25,nan,nan
1.8,0.948683298051,29.75,nan,nan
1.8,0.948683298051,30.25,nan,nan
1.8,0.948683298051,30.75,nan,nan
1.8,0.948683298051,31.25,nan,nan
1.8,0.948683298051,31.75,nan,nan
1.8,0.948683298051,32.25,nan,nan
1.8,0.948683298051,32.75,nan,nan
1.8,0.948683298051,33.25,nan,nan
1.8,0.948683298051,33.75,nan,nan
1.8,0.948683298051,34.25,nan,nan
1.8,0.948683298051,34.75,nan,nan
1.8,0.948683298051,35.25,nan,nan
1.8,0.948683298051,35.75,nan,inf
1.8,0.948683298051,36.25,nan,inf
1.8,0.948683298051,36.75,nan,inf
1.8,0.948683298051,37.25,inf,inf
1.8,0.948683298051,37.75,nan,inf
1.8,0.948683298051,38.25,nan,inf
1.8,0.948683298051,38.75,nan,inf
1.8,0.948683298051,39.25,nan,inf
1.8,0.948683298051,39.75,nan,nan
1.8,0.948683298051,40.25,nan,nan
1.8,0.948683298051,40.75,nan,nan
1.8,0.948683298051,41.25,nan,inf
1.8,0.948683298051,41.75,nan,inf
1.8,0.948683298051,42.25,nan,inf
1.8,0.948683298051,42.75,nan,inf
1.8,0.948683298051,43.25,inf,inf
1.8,0.948683298051,43.75,nan,inf
1.8,0.948683298051,44.25,nan,inf
1.8,0.948683298051,44.75,nan,inf
1.8,0.948683298051,45.25,nan,inf
1.8,0.948683298051,45.75,inf,inf
1.8,0.948683298051,46.25,inf,inf
1.8,0.948683298051,46.75,nan,inf
1.8,0.948683298051,47.25,nan,inf
1.8,0.948683298051,47.75,inf,inf
1.8,0.948683298051,48.25,inf,inf
1.8,0.948683298051,48.75,inf,inf
1.8,0.948683298051,49.25,inf,inf
1.8,0.948683298051,49.75,inf,inf
1.85,0.961769203084,0.25,nan,nan
1.85,0.961769203084,0.75,nan,nan
1.85,0.961769203084,1.25,nan,nan
1.85,0.961769203084,1.75,nan,nan
1.85,0.961769203084,2.25,nan,nan
1.85,0.961769203084,2.75,nan,nan
1.85,0.961769203084,3.25,nan,nan
1.85,0.961769203084,3.75,nan,nan
1.85,0.961769203084,4.25,nan,nan
1.85,0.961769203084,4.75,nan,nan
1.85,0.961769203084,5.25,nan,nan
1.85,0.961769203084,5.75,nan,nan
1.85,0.961769203084,6.25,nan,nan
1.85,0.961769203084,6.75,nan,nan
1.85,0.961769203084,7.25,nan,nan
1.85,0.961769203084,7.75,nan,nan
1.85,0.961769203084,8.25,nan,inf
1.85,0.961769203084,8.75,nan,inf
1.85,0.961769203084,9.25,nan,inf
1.85,0.961769203084,9.75,nan,inf
1.85,0.961769203084,10.25,inf,inf
1.85,0.961769203084,10.75,nan,inf
1.85,0.961769203084,11.25,nan,inf
1.85,0.961769203084,11.75,nan,inf
1.85,0.961769203084,12.25,nan,nan
1.85,0.961769203084,12.75,nan,nan
1.85,0.961769203084,13.25,nan,nan
1.85,0.961769203084,13.75,nan,nan
1.85,0.961769203084,14.25,nan,nan
1.85,0.961769203084,14.75,nan,nan
1.85,0.961769203084,15.25,nan,nan
1.85,0.961769203084,15.75,nan,nan
1.85,0.961769203084,16.25,nan,nan
1.85,0.961769203084,16.75,nan,nan
1.85,0.961769203084,17.25,nan,nan
1.85,0.961769203084,17.75,nan,nan
1.85,0.961769203084,18.25,nan,nan
1.85,0.961769203084,18.75,nan,nan
1.85,0.961769203084,19.25,nan,nan
1.85,0.961769203084,19.75,nan,nan
1.85,0.961769203084,20.25,nan,nan
1.85,0.961769203084,20.75,nan,inf
1.85,0.961769203084,21.25,nan,inf
1.85,0.961769203084,21.75,nan,inf
1.85,0.961769203084,22.25,nan,inf
1.85,0.961769203084,22.75,inf,inf
1.85,0.961769203084,23.25,nan,inf
1.85,0.961769203084,23.75,nan,inf
1.85,0.961769203084,24.25,nan,inf
1.85,0.961769203084,24.75,nan,nan
1.85,0.961769203084,25.25,nan,nan
1.85,0.961769203084,25.75,nan,nan
1.85,0.961769203084,26.25,nan,nan
1.85,0.961769203084,26.75,nan,nan
1.85,0.961769203084,27.25,nan,nan
1.85,0.961769203084,27.75,nan,nan
1.85,0.961769203084,28.25,nan,nan
1.85,0.961769203084,28.75,nan,nan
1.85,0.961769203084,29.25,nan,nan
1.85,0.961769203084,29.75,nan,nan
1.85,0.961769203084,30.25,nan,nan
1.85,0.961769203084,30.75,nan,nan
1.85,0.961769203084,31.25,nan,nan
1.85,0.961769203084,31.75,nan,inf
1.85,0.961769203084,32.25,nan,inf
1.85,0.961769203084,32.75,nan,inf
1.85,0.961769203084,33.25,inf,inf
1.85,0.961769203084,33.75,nan,inf
1.85,0.961769203084,34.25,nan,inf
1.85,0.961769203084,34.75,nan,inf
1.85,0.961769203084,35.25,nan,inf
1.85,0.961769203084,35.75,nan,nan
1.85,0.961769203084,36.25,nan,nan
1.85,0.961769203084,36.75,nan,nan
1.85,0.961769203084,37.25,nan,nan
1.85,0.961769203084,37.75,nan,nan
1.85,0.961769203084,38.25,nan,nan
1.85,0.961769203084,38.75,nan,nan
1.85,0.961769203084,39.25,nan,nan
1.85,0.961769203084,39.75,nan,nan
1.85,0.961769203084,40.25,nan,nan
1.85,0.961769203084,40.75,nan,nan
1.85,0.961769203084,41.25,nan,nan
1.85,0.961769203084,41.75,nan,nan
1.85,0.961769203084,42.25,nan,nan
1.85,0.961769203084,42.75,nan,nan
1.85,0.961769203084,43.25,nan,nan
1.85,0.961769203084,43.75,nan,nan
1.85,0.961769203084,44.25,nan,nan
1.85,0.961769203084,44.75,nan,inf
1.85,0.961769203084,45.25,nan,inf
1.85,0.961769203084,45.75,nan,inf
1.85,0.961769203084,46.25,nan,inf
1.85,0.961769203084,46.75,inf,inf
1.85,0.961769203084,47.25,inf,inf
1.85,0.961769203084,47.75,inf,inf
1.85,0.961769203084,48.25,inf,inf
1.85,0.961769203084,48.75,inf,inf
1.85,0.961769203084,49.25,inf,inf
1.85,0.961769203084,49.75,inf,inf
1.9,0.974679434481,0.25,nan,nan
1.9,0.974679434481,0.75,nan,nan
1.9,0.974679434481,1.25,nan,nan
1.9,0.974679434481,1.75,nan,nan
1.9,0.974679434481,2.25,nan,nan
1.9,0.974679434481,2.75,nan,nan
1.9,0.974679434481,3.25,nan,nan
1.9,0.974679434481,3.75,nan,nan
1.9,0.974679434481,4.25,nan,nan
1.9,0.974679434481,4.75,nan,nan
1.9,0.974679434481,5.25,nan,nan
1.9,0.974679434481,5.75,nan,nan
1.9,0.974679434481,6.25,nan,nan
1.9,0.974679434481,6.75,nan,nan
1.9,0.974679434481,7.25,nan,nan
1.9,0.974679434481,7.75,nan,nan
1.9,0.974679434481,8.25,nan,inf
1.9,0.974679434481,8.75,nan,inf
1.9,0.974679434481,9.25,nan,inf
1.9,0.974679434481,9.75,nan,inf
1.9,0.974679434481,10.25,inf,inf
1.9,0.974679434481,10.75,nan,inf
1.9,0.974679434481,11.25,nan,inf
1.9,0.974679434481,11.75,nan,inf
1.9,0.974679434481,12.25,nan,nan
1.9,0.974679434481,12.75,nan,nan
1.9,0.974679434481,13.25,nan,nan
1.9,0.974679434481,13.75,nan,nan
1.9,0.974679434481,14.25,nan,nan
1.9,0.974679434481,14.75,nan,nan
1.9,0.974679434481,15.25,nan,nan
1.9,0.974679434481,15.75,nan,nan
1.9,0.974679434481,16.25,nan,nan
1.9,0.974679434481,16.75,nan,nan
1.9,0.974679434481,17.25,nan,nan
1.9,0.974679434481,17.75,nan,nan
1.9,0.974679434481,18.25,nan,nan
1.9,0.974679434481,18.75,nan,nan
1.9,0.974679434481,19.25,nan,nan
1.9,0.974679434481,19.75,nan,nan
1.9,0.974679434481,20.25,nan,nan
1.9,0.974679434481,20.75,nan,nan
1.9,0.974679434481,21.25,nan,nan
1.9,0.974679434481,21.75,nan,nan
1.9,0.974679434481,22.25,nan,nan
1.9,0.974679434481,22.75,nan,nan
1.9,0.974679434481,23.25,nan,nan
1.9,0.974679434481,23.75,nan,nan
1.9,0.974679434481,24.25,nan,nan
1.9,0.974679434481,24.75,nan,nan
1.9,0.974679434481,25.25,nan,nan
1.9,0.974679434481,25.75,nan,nan
1.9,0.974679434481,26.25,nan,nan
1.9,0.974679434481,26.75,nan,nan
1.9,0.974679434481,27.25,nan,nan
1.9,0.974679434481,27.75,nan,nan
1.9,0.974679434481,28.25,nan,nan
1.9,0.974679434481,28.75,nan,nan
1.9,0.974679434481,29.25,nan,nan
1.9,0.974679434481,29.75,nan,nan
1.9,0.974679434481,30.25,nan,nan
1.9,0.974679434481,30.75,nan,nan
1.9,0.974679434481,31.25,nan,nan
1.9,0.974679434481,31.75,nan,nan
1.9,0.974679434481,32.25,nan,nan
1.9,0.974679434481,32.75,nan,nan
1.9,0.974679434481,33.25,nan,nan
1.9,0.974679434481,33.75,nan,nan
1.9,0.974679434481,34.25,nan,nan
1.9,0.974679434481,34.75,nan,nan
1.9,0.974679434481,35.25,nan,nan
1.9,0.974679434481,35.75,nan,nan
1.9,0.974679434481,36.25,nan,nan
1.9,0.974679434481,36.75,nan,nan
1.9,0.974679434481,37.25,nan,nan
1.9,0.974679434481,37.75,nan,nan
1.9,0.974679434481,38.25,nan,nan
1.9,0.974679434481,38.75,nan,nan
1.9,0.974679434481,39.25,nan,nan
1.9,0.974679434481,39.75,nan,nan
1.9,0.974679434481,40.25,nan,nan
1.9,0.974679434481,40.75,nan,nan
1.9,0.974679434481,41.25,nan,nan
1.9,0.974679434481,41.75,nan,nan
1.9,0.974679434481,42.25,nan,nan
1.9,0.974679434481,42.75,nan,nan
1.9,0.974679434481,43.25,nan,nan
1.9,0.974679434481,43.75,nan,nan
1.9,0.974679434481,44.25,nan,nan
1.9,0.974679434481,44.75,nan,nan
1.9,0.974679434481,45.25,nan,nan
1.9,0.974679434481,45.75,nan,inf
1.9,0.974679434481,46.25,nan,inf
1.9,0.974679434481,46.75,nan,inf
1.9,0.974679434481,47.25,nan,inf
1.9,0.974679434481,47.75,inf,inf
1.9,0.974679434481,48.25,inf,inf
1.9,0.974679434481,48.75,inf,inf
1.9,0.974679434481,49.25,inf,inf
1.9,0.974679434481,49.75,inf,inf
1.95,0.987420882907,0.25,0,0
1.95,0.987420882907,0.75,0,0
1.95,0.987420882907,1.25,0,0
1.95,0.987420882907,1.75,0,0
1.95,0.987420882907,2.25,0,0
1.95,0.987420882907,2.75,0,0
1.95,0.987420882907,3.25,0,0
1.95,0.987420882907,3.75,0,0
1.95,0.987420882907,4.25,0,0
1.95,0.987420882907,4.75,0,0
1.95,0.987420882907,5.25,0,0
1.95,0.987420882907,5.75,0,0
1.95,0.987420882907,6.25,0,0
1.95,0.987420882907,6.75,0,0
1.95,0.987420882907,7.25,0,0
1.95,0.987420882907,7.75,0,0
1.95,0.987420882907,8.25,0,1.11124659955e+88
1.95,0.987420882907,8.75,0,9.53989470148e+88
1.95,0.987420882907,9.25,0,8.18986451362e+89
1.95,0.987420882907,9.75,0,7.03088271415e+90
1.95,0.987420882907,10.25,1.64803491496e+92,6.03591325081e+91
1.95,0.987420882907,10.75,0,5.18174605559e+92
1.95,0.987420882907,11.25,0,4.44845561374e+93
1.95,0.987420882907,11.75,0,3.81893615301e+94
1.95,0.987420882907,12.25,0,0
1.95,0.987420882907,12.75,0,0
1.95,0.987420882907,13.25,0,0
1.95,0.987420882907,13.75,0,0
1.95,0.987420882907,14.25,0,0
1.95,0.987420882907,14.75,0,0
1.95,0.987420882907,15.25,0,0
1.95,0.987420882907,15.75,0,0
1.95,0.987420882907,16.25,0,0
1.95,0.987420882907,16.75,0,0
1.95,0.987420882907,17.25,0,0
1.95,0.987420882907,17.75,0,0
1.95,0.987420882907,18.25,0,0
1.95,0.987420882907,18.75,0,0
1.95,0.987420882907,19.25,0,0
1.95,0.987420882907,19.75,0,0
1.95,0.987420882907,20.25,0,0
1.95,0.987420882907,20.75,0,0
1.95,0.987420882907,21.25,0,0
1.95,0.987420882907,21.75,0,0
1.95,0.987420882907,22.25,0,0
1.95,0.987420882907,22.75,0,0
1.95,0.987420882907,23.25,0,0
1.95,0.987420882907,23.75,0,0
1.95,0.987420882907,24.25,0,0
1.95,0.987420882907,24.75,0,0
1.95,0.987420882907,25.25,0,0
1.95,0.987420882907,25.75,0,0
1.95,0.987420882907,26.25,0,0
1.95,0.987420882907,26.75,0,0
1.95,0.987420882907,27.25,0,0
1.95,0.987420882907,27.75,0,0
1.95,0.987420882907,28.25,0,0
1.95,0.987420882907,28.75,0,0
1.95,0.987420882907,29.25,0,0
1.95,0.987420882907,29.75,0,0
1.95,0.987420882907,30.25,0,0
1.95,0.987420882907,30.75,0,0
1.95,0.987420882907,31.25,0,0
1.95,0.987420882907,31.75,0,0
1.95,0.987420882907,32.25,0,0
1.95,0.987420882907,32.75,0,0
1.95,0.987420882907,33.25,0,1.01423018233e+88
1.95,0.987420882907,33.75,0,8.70702249744e+88
1.95,0.987420882907,34.25,0,7.47485552016e+89
1.95,0.987420882907,34.75,1.0986899433e+92,6.41705761799e+90
1.95,0.987420882907,35.25,0,5.5089530977e+91
1.95,0.987420882907,35.75,0,4.72935822604e+92
1.95,0.987420882907,36.25,0,4.06008706801e+93
1.95,0.987420882907,36.75,0,3.48552725591e+94
1.95,0.987420882907,37.25,0,0
1.95,0.987420882907,37.75,0,0
1.95,0.987420882907,38.25,0,0
1.95,0.987420882907,38.75,0,0
1.95,0.987420882907,39.25,0,0
1.95,0.987420882907,39.75,0,0
1.95,0.987420882907,40.25,0,0
1.95,0.987420882907,40.75,0,0
1.95,0.987420882907,41.25,0,0
1.95,0.987420882907,41.75,0,0
1.95,0.987420882907,42.25,0,0
1.95,0.987420882907,42.75,0,0
1.95,0.987420882907,43.25,0,0
1.95,0.987420882907,43.75,0,0
1.95,0.987420882907,44.25,0,0
1.95,0.987420882907,44.75,0,0
1.95,0.987420882907,45.25,0,3.60005357753e+88
1.95,0.987420882907,45.75,0,3.09059501854e+89
1.95,0.987420882907,46.25,0,2.65778671342e+90
1.95,0.987420882907,46.75,0,2.31425739565e+91
1.95,0.987420882907,47.25,6.59213965982e+92,2.09757309577e+92
1.95,0.987420882907,47.75,7.69082960313e+92,2.15868531367e+93
1.95,0.987420882907,48.25,3.92781654731e+94,2.96542985234e+94
1.95,0.987420882907,48.75,8.75546015819e+95,5.57223605935e+95
1.95,0.987420882907,49.25,2.13291974763e+97,1.17616977676e+97
1.95,0.987420882907,49.75,5.27099247025e+98,3.52901940268e+98
2,1,0.25,0,0
2,1,0.75,0,0
2,1,1.25,0,0
2,1,1.75,0,0
2,1,2.25,0,0
2,1,2.75,0,0
2,1,3.25,0,0
2,1,3.75,0,0
2,1,4.25,0,0
2,1,4.75,0,0
2,1,5.25,0,0
2,1,5.75,0,0
2,1,6.25,0,0
2,1,6.75,0,0
2,1,7.25,0,0
2,1,7.75,0,0
2,1,8.25,0,0
2,1,8.75,0,0
2,1,9.25,0,0
2,1,9.75,0,0
2,1,10.25,0,0
2,1,10.75,0,0
2,1,11.25,0,0
2,1,11.75,0,0
2,1,12.25,0,0
2,1,12.75,0,0
2,1,13.25,0,0
2,1,13.75,0,0
2,1,14.25,0,0
2,1,14.75,0,0
2,1,15.25,0,0
2,1,15.75,0,0
2,1,16.25,0,0
2,1,16.75,0,0
2,1,17.25,0,0
2,1,17.75,0,0
2,1,18.25,0,0
2,1,18.75,0,0
2,1,19.25,0,0
2,1,19.75,0,0
2,1,20.25,0,0
2,1,20.75,0,0
2,1,21.25,0,0
2,1,21.75,0,0
2,1,22.25,0,0
2,1,22.75,0,0
2,1,23.25,0,0
2,1,23.75,0,0
2,1,24.25,0,0
2,1,24.75,0,0
2,1,25.25,0,0
2,1,25.75,0,0
2,1,26.25,0,0
2,1,26.75,0,0
2,1,27.25,0,0
2,1,27.75,0,0
2,1,28.25,0,0
2,1,28.75,0,0
2,1,29.25,0,0
2,1,29.75,0,0
2,1,30.25,0,0
2,1,30.75,0,0
2,1,31.25,0,0
2,1,31.75,0,0
2,1,32.25,0,0
2,1,32.75,0,0
2,1,33.25,0,0
2,1,33.75,0,0
2,1,34.25,0,0
2,1,34.75,0,0
2,1,35.25,0,0
2,1,35.75,0,1.19419949319e+89
2,1,36.25,0,1.02638167513e+90
2,1,36.75,0,8.82142183487e+90
2,1,37.25,1.0986899433e+93,7.58168744776e+91
2,1,37.75,0,6.516143584e+92
2,1,38.25,0,5.60031939369e+93
2,1,38.75,0,4.81318142842e+94
2,1,39.25,0,4.13665080253e+95
2,1,39.75,0,0
2,1,40.25,0,0
2,1,40.75,0,0
2,1,41.25,0,0
2,1,41.75,0,1.38765304198e+88
2,1,42.25,0,1.22415626659e+89
2,1,42.75,0,1.07973333571e+90
2,1,43.25,0,9.53087820927e+90
2,1,43.75,3.66229981101e+92,8.40325842243e+91
2,1,44.25,0,7.40757843219e+92
2,1,44.75,0,6.52853531299e+93
2,1,45.25,1.46491992441e+92,5.75259309147e+94
2,1,45.75,0,4.73104693966e+92
2,1,46.25,0,4.14121465484e+93
2,1,46.75,0,3.62334685035e+94
2,1,47.25,0,1.80449918852e+91
2,1,47.75,1.68465791307e+93,6.00690746386e+92
2,1,48.25,4.92945554562e+94,1.82339456594e+94
2,1,48.75,1.08887497981e+96,5.36264941731e+95
2,1,49.25,2.77273451152e+97,1.6109328985e+97
2,1,49.75,7.03591151482e+98,4.99672142889e+98
